Workbook

Sheet תשובות_זהב_גרסה1
A1: ID | B1: מפקח | C1: שאלה | D1: תשובת זהב | E1: מקורות תשובת זהב | F1: חותמת זמן | G1: הערות claude | H1: ציון משוקלל עבור תשובת המודל מתוך תשובת רכזים, כולל הערות | I1: תשובה של מיסויו און ליין | J1: מקורות של מיסוי און ליין | K1: תשובת המודל | L1: מקורות תשובת מודל | M1: האם התשובה נכונה? | N1: עד כמה התשובה מדויקת? | O1: פירוט לגבי הדיוק | P1: עד כמה התשובה שלמה? | Q1: פירוט לגבי שלמות התשובה | R1: עד כמה המסמכים שהמודל הביא רלוונטיים לשאלה? | S1: פירוט לגבי רלוונטיות המקורות | T1: רלוונטיות ובהירות התשובה | U1: פירוט לגבי רלוונטיות ובהירות | V1: עד כמה התשובה מאפשרת למפקח להסתמך עליה במינימום מאמץ? | W1: פירוט לגבי יעילות ויכולת הסתמכות | X1: הערות כלליות של הבודק | Y1: עד כמה התשובה מדויקת? | Z1: פירוט לגבי הדיוק | AA1: עד כמה התשובה שלמה? | AB1: פירוט לגבי שלמות התשובה | AC1: עד כמה המסמכים שהמודל הביא רלוונטיים לשאלה? | AD1: פירוט לגבי רלוונטיות המקורות | AE1: רלוונטיות ובהירות התשובה | AF1: פירוט לגבי רלוונטיות ובהירות | AG1: עד כמה התשובה מאפשרת למפקח להסתמך עליה במינימום מאמץ? | AH1: פירוט לגבי יעילות ויכולת הסתמכות | AI1: הערות כלליות של הבודק | AJ1: האם התשובה נכונה? | AK1: עד כמה התשובה מדויקת? | AL1: פירוט לגבי הדיוק | AM1: עד כמה התשובה שלמה? | AN1: פירוט לגבי שלמות התשובה | AO1: עד כמה המסמכים שהמודל הביא רלוונטיים לשאלה? | AP1: פירוט לגבי רלוונטיות המקורות | AQ1: רלוונטיות ובהירות התשובה | AR1: פירוט לגבי רלוונטיות ובהירות | AS1: עד כמה התשובה מאפשרת למפקח להסתמך עליה במינימום מאמץ? | AT1: פירוט לגבי יעילות ויכולת הסתמכות | AU1: הערות כלליות של הבודק | AV1: האם התשובה נכונה? | AW1: עד כמה התשובה מדויקת? | AX1: פירוט לגבי הדיוק | AY1: עד כמה התשובה שלמה? | AZ1: פירוט לגבי שלמות התשובה | BA1: עד כמה המסמכים שהמודל הביא רלוונטיים לשאלה? | BB1: פירוט לגבי רלוונטיות המקורות | BC1: רלוונטיות ובהירות התשובה | BD1: פירוט לגבי רלוונטיות ובהירות | BE1: עד כמה התשובה מאפשרת למפקח להסתמך עליה במינימום מאמץ? | BF1: פירוט לגבי יעילות ויכולת הסתמכות | BG1: הערות כלליות של הבודק | BH1: האם התשובה נכונה? | BI1: עד כמה התשובה מדויקת? | BJ1: פירוט לגבי הדיוק | BK1: עד כמה התשובה שלמה? | BL1: פירוט לגבי שלמות התשובה | BM1: עד כמה המסמכים שהמודל הביא רלוונטיים לשאלה? | BN1: פירוט לגבי רלוונטיות המקורות | BO1: רלוונטיות ובהירות התשובה | BP1: פירוט לגבי רלוונטיות ובהירות | BQ1: עד כמה התשובה מאפשרת למפקח להסתמך עליה במינימום מאמץ? | BR1: פירוט לגבי יעילות ויכולת הסתמכות | BS1: הערות כלליות של הבודק | BT1: האם התשובה נכונה?
A2: M02-Q01 | B2: לירן יהודאי | C2: נאמנות שהוקמה לפני 2014, היוצר תושב חוץ בעת הקמת הנאמנות, הנהנים (או חלק מהם) תושבי ישראל, לפני שנת 2014 היוצר עלה לישראל וזכרי להטבות של תושב חוזר ותיק. האם הנאמנות זכאית להטבות של היוצר? | D2: כן, הנאמנות זכאית להטבות של היוצר. על פי הדין שחל עובר לתיקון 197 (לפני 1 בינואר 2014), כאשר נאמנות הפכה לנאמנות תושבי ישראל בשל עלייתו או חזרתו לישראל של יוצר בה שהיה "יחיד מוטב" (כגון תושב חוזר ותיק), חלו על הכנסת הנאמן ההקלות החלות על הכנסותיו של אותו יחיד מוטב, מכוח סעיפים 14 ו-97(ב) לפקודת מס הכנסה. תקופת ההטבות של הנאמנות הייתה זהה לתקופת ההטבות האישית של היוצר (חוזר מס הכנסה 3/2016 - סעיף 5.4 ) בנוסף, מגבלת הנהנים שהם תושבי ישראל (הדורשת שכל הנהנים יהיו תושבים זכאים או תושבי חוץ, בהתאם להגדרות סוגי הנאמנות בסימן ו'1 לפרק הרביעי לפקודה — סעיפים 75ג ואילך), אשר הוכנסה בתיקון 197 , אינה חלה מכוח הוראת המעבר על נאמנויות שהפכו לנאמנות תושבי ישראל בשל כך שיוצר אחד בהן היה לתושב ישראל לראשונה, לתושב חוזר ותיק או לתושב חוזר, לפני יום התחילה (1 בינואר 2014). | E2: 187-חוזר מ.ה 3.16 - מיסוי נאמנויות.pdf 630-תוספת 1 להוב 1-2010 - נאמנויות - לאחר תיקונים- לפרסום3 3 2015 doc A.pdf | F2: ='תגובות לטופס 2- לירן יהודאי'!$A$2 -> 8/24/2026 12:20:28 | G2: תשובת זהב תוקנה בעזרת claude - הוסף מיקום של התשובה ותוקן תוספת תיקון 197 במקום 191 | H2: ציון 9 - אשמח להכוונה מדוייקת איפה למצוא את התשובה | K2: כן, הנאמנות זכאית להטבות של היוצר. על פי הדין שחל עובר לתיקון 197 (לפני 1 בינואר 2014), כאשר נאמנות הפכה לנאמנות תושבי ישראל בשל עלייתו או חזרתו לישראל של יוצר בה שהיה "יחיד מוטב" (כמו תושב חוזר ותיק), חלו על הכנסת הנאמן ההקלות החלות על הכנסותיו של אותו יחיד מוטב. תקופת ההטבות של הנאמנות הייתה זהה לתקופת ההטבות של היוצר. בנוסף, מגבלת הנהנים שהם תושבי ישראל (שדורשת שכל הנהנים יהיו תושבים זכאים או תושבי חוץ), אשר הוכנסה בתיקון 191, אינה חלה על נאמנויות שהפכו לנאמנות תושבי ישראל לאחר שיוצר אחד בה היה לתושב ישראל לראשונה, לתושב חוזר ותיק או לתושב חוזר, לפני יום התחילה (1 בינואר 2014). | L2: 187-חוזר מ.ה 3.16 - מיסוי נאמנויות.pdf 630-תוספת 1 להוב 1-2010 - נאמנויות - לאחר תיקונים- לפרסום3 3 2015 doc A.pdf | M2: ='תגובות לטופס 2- לירן יהודאי'!B2 -> נכונה | N2: ='תגובות לטופס 2- לירן יהודאי'!C2 -> 9 | O2: ='תגובות לטופס 2- לירן יהודאי'!D2 | P2: ='תגובות לטופס 2- לירן יהודאי'!E2 -> 9 | Q2: ='תגובות לטופס 2- לירן יהודאי'!F2 | R2: ='תגובות לטופס 2- לירן יהודאי'!G2 -> 9 | S2: ='תגובות לטופס 2- לירן יהודאי'!H2 | T2: ='תגובות לטופס 2- לירן יהודאי'!I2 | ... X2: ='תגובות לטופס 2- לירן יהודאי'!M2
A3: M02-Q02 | B3: לירן יהודאי | C3: האם לקבוע מקדמה או ערובה, ומה שיעורה, בעסקת מכר מקרקעין של קבלן בונה? ציין סייגים/תנאים חשובים, מה יש לדרוש מהנישום, תוך ציטוט הוראת/הוראות הביצוע הרלוונטיות והפסקה/פסקאות הרלוונטיות. | D3: קביעת מקדמה או ערובה בעסקת מכר מקרקעין של קבלן בונה, ושיעורה, תלויים בסוג האישור המבוקש (כללי, לפרויקט, פרטני, או לפרויקט בליווי בנקאי סגור) ובמצב דיווח ההכנסות ותשלום המס. **1. קביעת מקדמה או ערובה — לפי סוג האישור:** - **אישור כללי** [הוראת ביצוע מס' 2/2010, סעיף 5.1]: האישור יותנה בערובה, למעט מקרים חריגים בשיקול דעת פקיד השומה. - **אישור לפרויקט** [הוראת ביצוע מס' 2/2010, סעיף 5.2]: - אישור המוגבל לשנת מס אחת — לרוב לא יותנה בערובה, למעט מקרים חריגים בשיקול דעת פקיד השומה. - אישור לפרויקט לכל אורך חיי הפרויקט [הוראת ביצוע 8/2021, סעיף 5.2] — תידרש ערובה. כאשר אישור כזה נדרש בשנה שיש לדווח בה על הכנסה מהפרויקט (גם מהכנסות משנים קודמות) — יש לדרוש מהנישום תשלום מלוא המקדמה בשל חבות המס הצפויה מהמכירות שבוצעו עד למועד מתן האישור, ובנוסף לקבוע מקדמות שוטפות בגין המכירות הצפויות באותה שנה. - **אישור פרטני** [הוראת ביצוע מס' 2/2010, סעיף 5.3; הוראת ביצוע 8/2021, סעיף 6]: - כאשר ההכנסה בגין היחידה כבר דווחה והמס שולם בגינה [סעיף 6.1] — לא תידרש ערובה. - כאשר ההכנסה טרם דווחה אך תתחייב במס בשנה שבה נדרש האישור [סעיף 6.2] — יש לדרוש מהמבקש תשלום מלוא המקדמה בשל חבות המס הנובעת מהמכירה. - **אישור לפרויקט בליווי בנקאי (פיננסי) סגור** — ראו סעיף 5 להלן, המהווה מסלול נפרד וחלופי לדרישת הערובה. **2. שיעור הערובה:** - אישור לפרויקט [הוראת ביצוע 2/2010, סעיף 5.2]: 3% משווי מחזור המכירות המשוער של הפרויקט, לפני מע"מ. - אישור לפרויקט לכל אורך חיי הפרויקט [הוראת ביצוע 8/2021, סעיף 5.2]: 1.5% משווי מחזור המכירות המשוער של הפרויקט לפני מע"מ (חברה); 3% אצל יחיד ו/או חברה משפחתית. - אישור פרטני [הוראת ביצוע 8/2021, סעיף 6.3]: 3% ממחיר מכירת היחידה לפני מע"מ (חברה); 6% אצל יחיד ו/או חברה משפחתית. **3. סייגים/תנאים חשובים:** - **שיקול דעת פקיד השומה**: במקרים שבהם שוכנע פקיד השומה כי חבות המס הצפויה של הנישום (מהפרויקט או ממכירת היחידה) נמוכה מגובה הערובה הנגזרת מהכללים לעיל, תיקבע ערובה נמוכה יותר בהתאם לחבות המס הצפויה בפועל (למשל כאשר יש לנישום הפסדים צבורים או צפויים). - **תוקף הערובה** [הוראת ביצוע 2/2010, סעיף 5.2]: הערובה תהא בתוקף לפחות 15 חודשים, ותחודש בהתאם לצורך. סוג הערובה: ערבות בנקאית אוטונומית או מזומן. - **הצמדה וריבית** [הוראת ביצוע 2/2010, סעיף 5.2]: לסכום ערובה במזומן ייווספו הפרשי הצמדה וריבית לפי סעיף 159א(א) לפקודה, החל מיום תשלום הערובה. **4. מה יש לדרוש מהנישום:** - **תשלום מלוא המקדמה** — כאשר ההכנסה טרם דווחה אך תתחייב במס בשנת מתן האישור [הוראת ביצוע 2/2010, סעיפים 5.2–5.3; הוראת ביצוע 8/2021, סעיף 6.2]. - **קביעת מקדמות שוטפות** בגין מכירות עתידיות באותה שנה, בנוסף למקדמה על מכירות שבוצעו [הוראת ביצוע 2/2010, סעיף 5.2]. - **בדיקת דיווח על הפרויקט** — כשמדובר בקבלן שהקים את הפרויקט, יש לוודא שהוגש דיווח על הפרויקט למיסוי מקרקעין בטופס 701 [הוראת ביצוע 8/2021, סעיף 6]. **5. פרויקט בליווי בנקאי (פיננסי) סגור — מסלול חלופי לדרישת הערובה** [הוראת ביצוע 8/2021, סעיף 5.3]: זהו מסלול נפרד מ"אישור לפרויקט לכל אורך חיי הפרויקט" הרגיל (סעיף 5.2), המיועד לפרויקטים המלווים על ידי תאגיד בנקאי/מבטח לפי הסכם "ליווי פיננסי" כהגדרתו בחוק המכר (דירות) (הבטחת השקעות של רוכשי דירות) [סעיף 5.3.1]. במסגרתו קיימות שלוש חלופות לדרישת הערובה [סעיף 5.3.3]: - ערובה כספית/בנקאית באותם שיעורים כמו באישור לפרויקט לכל אורך חייו (1.5%–3%, לפי סוג הנישום); או - המצאת כתב הוראות בלתי חוזרות של הנישום לתאגיד המלווה (במקום ערובה במזומן); או - **פטור מוחלט מערובה** — כאשר לנישום קיים אישור שנתי כללי בשנת המס שבה מתבקש האישור לפרויקט בליווי הבנקאי, וכן בשלוש השנים שקדמו לה. בנוסף, סעיף 5.3.4 עוסק בחובת הודעה על סיום/ביטול הליווי הבנקאי (בסיום בניית הפרויקט וקבלת טופס 4, לאחר קיום מלוא ההתחייבויות כולל פירעון האשראי), וסעיף 5.3.5 עוסק בניהול חשבון הליווי הבנקאי. **הוראות הביצוע הרלוונטיות:** - הוראת ביצוע מס' 2/2010 — אישורים לפי סעיף 50 לחוק מיסוי מקרקעין, הקפאות חוב מס שבח וערובות במתן טופס 50 (סעיפים 5.1, 5.2, 5.3). - הוראת ביצוע מס הכנסה מס' 8/2021 — סוגי אישורים, ערובות והקפאות חוב מס שבח במתן אישור לפי סעיף 50 לחוק מיסוי מקרקעין (סעיף 5.2 — עדכון אישור לפרויקט לכל אורך חיי הפרויקט; סעיף 5.3 — אישור לפרויקט בליווי בנקאי סגור; סעיף 6 — אישור פרטני). | E3: הקפאות חוב מס שבח, סוגי אישורים לפי סעיף 50 לחוק מיסוי מקרקעין, וערובות במתן טופס 50-02_2010.pdf הוראת ביצוע מס הכנסה מספר 8_2021 בנושא_ סוגי אישורים, ערובות והקפאות חוב מס שבח במתן אישור לפי סעיף 50 לחוק מיסוי מקרקעי.pdf | F3: ='תגובות לטופס 2- לירן יהודאי'!$A$2 -> 8/24/2026 12:20:28 | G3: תשובת זהב תוקנה בעזרת claude : א) סידור הציטוטים כך שבכל סעיף ברור מיידית מאיזה הוראת ביצוע וממה סעיף נלקח כל פרט הוסף סעיף 5 ב) הוסף סעיף חדש (5) על פרויקט בליווי בנקאי/פיננסי סגור | H3: ציון 9.3 - המלל קצת מסורבל וקשה להבין מה מהתשובה נלקח מאיזה מקור, ניתן היה להוסיף התייחסות לפרויקט בליווי פיננסי סגור | K3: בעסקת מכר מקרקעין של קבלן בונה, קביעת מקדמה או ערובה ושיעורן תלוי בסוג האישור המבוקש (כללי, לפרויקט או פרטני) ובמצב דיווח ההכנסות ותשלום המס: **1. קביעת מקדמה או ערובה:** * **באופן כללי (הוראת ביצוע מס' 2/2010, סעיף 5.1):** אישור יותנה בערובה, למעט מקרים חריגים בשיקול דעת פקיד השומה. * **אישור פרטני (הוראת ביצוע מס' 2/2010, סעיף 5.3; הוראת ביצוע מס הכנסה מספר 8/2021, סעיף 6.1):** * כאשר ההכנסה בגין היחידה דווחה והמס שולם בגינה – לא תידרש ערובה בעת מתן האישור. * כאשר ההכנסה בגין היחידה טרם דווחה אך תתחייב במס הכנסה בשנה שבה נדרש האישור – יש לדרוש מהמבקש תשלום מלוא המקדמה בשל חבות המס הנובעת ממכירת היחידה. * **אישור לפרויקט (הוראת ביצוע מס' 2/2010, סעיף 5.2; הוראת ביצוע מס הכנסה מספר 8/2021, סעיף 'דרישת ערובה באישור לפרויקט לכל אורך חיי הפרויקט'):** * אישור לפרויקט המוגבל לשנת מס אחת – לרוב לא יותנה בערובה, למעט מקרים חריגים בשיקול דעת פקיד השומה. * אישור לפרויקט לכל אורך חיי הפרויקט – תידרש ערובה. * כאשר נדרש אישור לפרויקט לכל אורך חיי הפרויקט בשנה בה יש לדווח על ההכנסה מהפרויקט (גם אלו שהיו בשנים קודמות) – יש לדרוש מהנישום תשלום מלוא המקדמה בשל חבות המס הצפויה מהמכירות שבוצעו עד ליום מתן האישור. בנוסף, יש לקבוע מקדמות שוטפות בגין המכירות שיהיו באותה שנה. **2. שיעור הערובה:** * **אישור לפרויקט (הוראת ביצוע מס' 2/2010, סעיף 5.2):** 3% משווי מחזור המכירות המשוער של הפרויקט לפני מע"מ. * **אישור לפרויקט לכל אורך חיי הפרויקט (הוראת ביצוע מס הכנסה מספר 8/2021, סעיף 'דרישת ערובה באישור לפרויקט לכל אורך חיי הפרויקט'):** 1.5% משווי מחזור המכירות המשוער של הפרויקט לפני מע"מ. במקרה של יחיד ו/או חברה משפחתית, גובה הערובה הינו 3% ממחזור המכירות המשוער של הפרויקט לפני מע"מ. * **אישור פרטני (הוראת ביצוע מס' 2/2010, סעיף 5.3; הוראת ביצוע מס הכנסה מספר 8/2021, סעיף 6.3):** 3% ממחיר המכירה של היחידה לפני מע"מ. במקרה של יחיד ו/או חברה משפחתית, גובה הערובה הינו 6% ממחיר המכירה של היחידה לפני מע"מ. **3. סייגים/תנאים חשובים:** * **שיקול דעת פקיד השומה:** במקרים בהם שוכנע פקיד השומה שחבות מס ההכנסה הצפויה של הנישום (מהפרויקט או ממכירת היחידה) נמוכה מגובה הערובה האמורה, תיקבע לנישום ערובה נמוכה יותר בהתאם לחבות המס הצפויה (למשל, כאשר קיימים הפסדים צבורים או צפויים לנישום). * **תוקף הערובה (הוראת ביצוע מס' 2/2010, סעיף 5.2):** הערובה תהא בתוקף לפחות 15 חודשים ותחודש בהתאם לצורך. סוג הערובה יכול להיות ערבות בנקאית אוטונומית או מזומן. * **הצמדה וריבית (הוראת ביצוע מס' 2/2010, סעיף 5.2):** לסכום ערובה במזומן ייווספו הפרשי הצמדה וריבית כאמור בסעיף 159א(א) החל מיום תשלום הערובה. **4. מה יש לדרוש מהנישום:** * **תשלום מלוא המקדמה:** כאשר ההכנסה טרם דווחה אך תתחייב במס הכנסה בשנה שבה נדרש האישור, יש לדרוש מהנישום תשלום מלוא המקדמה בשל חבות המס הנובעת מהמכירה (הוראת ביצוע מס' 2/2010, סעיפים 5.2, 5.3; הוראת ביצוע מס הכנסה מספר 8/2021, סעיפים 6.2 ו'דרישת ערובה באישור לפרויקט לכל אורך חיי הפרויקט'). * **קביעת מקדמות שוטפות:** בנוסף למקדמה על מכירות שבוצעו, יש לקבוע מקדמות שוטפות בגין המכירות שיהיו באותה שנה (הוראת ביצוע מס' 2/2010, סעיף 5.2; הוראת ביצוע מס הכנסה מספר 8/2021, סעיף 'דרישת ערובה באישור לפרויקט לכל אורך חיי הפרויקט'). * **דיווח על הפרויקט:** במקרה שמדובר בנישום שהוא קבלן שהקים את הפרויקט, יש לבדוק שהוגש דיווח על הפרויקט למיסוי מקרקעין בטופס מספר 701 (הוראת ביצוע מס הכנסה מספר 8/2021, סעיף 6). **הוראות הביצוע הרלוונטיות:** * הוראת ביצוע מס' 2/2010 - אישורים לפי סעיף 50 לחוק מיסוי מקרקעין, הקפאות חוב מס שבח וערובות במתן טופס 50 (סעיפים 5.1, 5.2, 5.3). * הוראת ביצוע מס הכנסה מספר 8/2021: סוגי אישורים, ערובות והקפאות חוב מס שבח במתן אישור לפי סעיף 50 לחוק מיסוי מקרקעין (סעיף 6 - אישור פרטני, וסעיף 'דרישת ערובה באישור לפרויקט לכל אורך חיי הפרויקט'). | L3: הקפאות חוב מס שבח, סוגי אישורים לפי סעיף 50 לחוק מיסוי מקרקעין, וערובות במתן טופס 50-02_2010.pdf הוראת ביצוע מס הכנסה מספר 8_2021 בנושא_ סוגי אישורים, ערובות והקפאות חוב מס שבח במתן אישור לפי סעיף 50 לחוק מיסוי מקרקעי.pdf | M3: ='תגובות לטופס 2- לירן יהודאי'!N2 -> נכונה | N3: ='תגובות לטופס 2- לירן יהודאי'!O2 -> 9 | O3: ='תגובות לטופס 2- לירן יהודאי'!P2 | P3: ='תגובות לטופס 2- לירן יהודאי'!Q2 -> 9 | Q3: ='תגובות לטופס 2- לירן יהודאי'!R2 | R3: ='תגובות לטופס 2- לירן יהודאי'!S2 -> 10 | S3: ='תגובות לטופס 2- לירן יהודאי'!T2 | T3: ='תגובות לטופס 2- לירן יהודאי'!U2 -> 7 | ... X3: ='תגובות לטופס 2- לירן יהודאי'!Y2
A4: M02-Q04 | B4: לירן יהודאי | C4: עד איזה סכום פטור מניכוי מס במקור תשלום עבור שירותים שניתנו ובוצעו במלואם בחו"ל, לפי הכללים העדכניים? | D4: לפי הכללים העדכניים, תשלום עבור שירותים שניתנו ובוצעו במלואם בחו"ל, המשולם לתושב חוץ, פטור מניכוי מס במקור עד לסכום של 250,000 דולר לשנת מס לכל משלם. עדכון זה מחליף את הסכום הקודם שעמד על 60,000 דולר. תנאי מרכזי לתחולת הפטור (כלשונו בהוראת הביצוע): המשלם הצהיר כי המקבל, או מי מטעמו, לא שהה בישראל לעניין ביצוע השירותים שבגינם שולם התשלום. | E4: תוספת מספר 1 להוראת ביצוע 34_93 – עדכון לעניין _חברות מיוחדות_ ניכוי מס במקור מתשלומים לתושבי חוץ.pdf 1993_הוראת ביצוע ניכויים 34 1993 ניכוי מס במקור לתושבי חוץ.docx - סעיף 3.9 - הסעיף שקבע לראשונה את מסלול הפטור ואת הסכום המקורי (60,000$), כחלק מרשימה כללית של תשלומים המותרים ללא ניכוי (חל על כלל נותני השירותים תושבי החוץ, לא רק "חברות מיוחדות"). | F4: ='תגובות לטופס 2- לירן יהודאי'!$A$2 -> 8/24/2026 12:20:28 | G4: יש לשמור בענן את קובץ הוראת ביצוע ניכויים 34 1993 ניכוי מס במקור לתושבי חוץ.docx - סעיף 3.9 - הסעיף שקבע לראשונה את מסלול הפטור ואת הסכום המקורי (60,000$), כחלק מרשימה כללית של תשלומים המותרים ללא ניכוי (חל על כלל נותני השירותים תושבי החוץ, לא רק "חברות מיוחדות"). | H4: ציון 7 - ברשימת מקורות אין מקור , אלא רק תיקונים/עדכונים | K4: לפי הכללים העדכניים, תשלום עבור שירותים שניתנו ובוצעו במלואם בחו"ל על ידי נותני שירותים בחו"ל פטור מניכוי מס במקור עד לסכום של 250,000 דולר לכל משלם. עדכון זה מחליף את הסכום הקודם שעמד על 60,000 דולר. | L4: תוספת מספר 1 להוראת ביצוע 34_93 – עדכון לעניין _חברות מיוחדות_ ניכוי מס במקור מתשלומים לתושבי חוץ.pdf | M4: ='תגובות לטופס 2- לירן יהודאי'!AL2 -> נכונה | N4: ='תגובות לטופס 2- לירן יהודאי'!AM2 -> 8 | O4: ='תגובות לטופס 2- לירן יהודאי'!AN2 | P4: ='תגובות לטופס 2- לירן יהודאי'!AO2 -> 6 | Q4: ='תגובות לטופס 2- לירן יהודאי'!AP2 -> לא הובא מסמך המקור, צורף רק המסמך עם העידכונים | R4: ='תגובות לטופס 2- לירן יהודאי'!AQ2 -> 7 | S4: ='תגובות לטופס 2- לירן יהודאי'!AR2 -> חסר מסמך המקור | T4: ='תגובות לטופס 2- לירן יהודאי'!AS2 -> 8 | ... X4: ='תגובות לטופס 2- לירן יהודאי'!AW2
A5: M02-Q05 | B5: לירן יהודאי | C5: נציגות בית משותף (ועד בית) התקינה מתקן פוטו-וולטאי ומוכרת חשמל. האם היא זכאית להטבות המס? | D5: כן, נציגות בית משותף (ועד בית) שהתקינה מתקן פוטו-וולטאי ומוכרת חשמל, זכאית להטבות מס. הזכאות אינה מוגבלת ליחיד פרטי בלבד — הוראת ביצוע מס הכנסה ומע"מ 7/2019 קובעת במפורש, במסגרת הגדרת "צרכן ביתי" (התנאי הבסיסי לזכאות), כי הגורם הזכאי הוא "יחיד או נציגות הבית המשותף" המחויבים בתעריף ביתי — כלומר נציגות הבית המשותף מוכרת בהוראת הביצוע עצמה כאחד משני סוגי הנישומים הזכאים, במקביל ליחיד, ולא רק כמי שההטבה "עשויה לחול עליה" בעקיפין. היא יכולה לבחור בין פטור מלא ממס על הכנסה ממכירת חשמל עד לתקרה מסוימת, לבין מס מופחת בשיעור 10% מהשקל הראשון. בנוסף, היא עשויה להיות פטורה מניהול פנקסי חשבונות, מהגשת דין וחשבון, ולקבל הקלות לעניין חוק מע"מ. הזכאות כפופה לעמידה בתנאים והגבלות נוספים המפורטים בהוראת הביצוע, כגון היותה "צרכן ביתי", מכירת החשמל לספק שירות חיוני, ושההכנסה אינה נחשבת כהכנסה מעסק או משלח יד. | E5: הוראת ביצוע מס הכנסה ומע_מ מספר 7_2019 בנושא_ חוק לעידוד השקעה באנרגיות מתחדשות (הטבות מס בשל הפקת חשמל מאנרגיה מתחדשת),.pdf 445-טיוטת חוזר חוק לעידוד אנרגיה מתחדשת 22.07.2019 (002) מונגש.pdf | F5: ='תגובות לטופס 2- לירן יהודאי'!$A$2 -> 8/24/2026 12:20:28 | G5: תשובת זהב תוקנה בעזרת claude : א) הוסף משפט על פטור ליחיד או לנציגות המס המשותף | H5: ציון 9 -הייתי רוצה הפניה מדויקת לכך שהפטור הוא ליחיד או לנציגות המס המשותף | K5: כן, נציגות בית משותף (ועד בית) שהתקינה מתקן פוטו-וולטאי ומוכרת חשמל, זכאית להטבות מס. היא יכולה לבחור בין פטור מלא ממס על הכנסה ממכירת חשמל עד לתקרה מסוימת, לבין מס מופחת בשיעור 10% מהשקל הראשון. בנוסף, היא עשויה להיות פטורה מניהול פנקסי חשבונות, מהגשת דין וחשבון, ולקבל הקלות לעניין חוק מע"מ. הזכאות כפופה לעמידה בתנאים והגבלות נוספים המפורטים בחוק, כגון היותה 'צרכן ביתי', מכירת החשמל לספק שירות חיוני, ושההכנסה אינה נחשבת כהכנסה מעסק או משלח יד. | L5: הוראת ביצוע מס הכנסה ומע_מ מספר 7_2019 בנושא_ חוק לעידוד השקעה באנרגיות מתחדשות (הטבות מס בשל הפקת חשמל מאנרגיה מתחדשת),.pdf 445-טיוטת חוזר חוק לעידוד אנרגיה מתחדשת 22.07.2019 (002) מונגש.pdf | M5: ='תגובות לטופס 2- לירן יהודאי'!AX2 -> נכונה | N5: ='תגובות לטופס 2- לירן יהודאי'!AY2 -> 9 | O5: ='תגובות לטופס 2- לירן יהודאי'!AZ2 | P5: ='תגובות לטופס 2- לירן יהודאי'!BA2 -> 9 | Q5: ='תגובות לטופס 2- לירן יהודאי'!BB2 -> הייתי רוצה הפניה מדויקת לכך שהפטור הוא ליחיד או לנציגות המס המשותף | R5: ='תגובות לטופס 2- לירן יהודאי'!BC2 -> 9 | S5: ='תגובות לטופס 2- לירן יהודאי'!BD2 | T5: ='תגובות לטופס 2- לירן יהודאי'!BE2 -> 9 | ... X5: ='תגובות לטופס 2- לירן יהודאי'!BI2
A6: M03-Q01 | B6: ניר, תשובה נכונה- מיסוי AI (הוצאות רונן) + תוספת של CLAUDE | C6: אילו טפסים ומידע על קבלן להמציא על מנת להפחית ערובה בגין פרויקט בניה? | D6: כדי לבקש הפחתת ערובה בפרויקט בנייה, יש להגיש לפקיד השומה בקשה בצירוף דו"ח אפס מעודכן ומידע מלא על הקבלן והפרויקט. בפרויקטים בליווי בנקאי [הוראת ביצוע 8/2021, סעיף 5.3]: שלב האישור הראשוני לפרויקט בליווי בנקאי נעשה על גבי טופס 7017א [סעיף 5.3.2], הכולל את פרטי הנישום, מספר התיק, ספר הבניין, שם הפרויקט, גוש וחלקה, מועדי סיום הבנייה והליווי, ושם הבנק המלווה, בצירוף דו"ח "אפס" שהוגש לתאגיד המלווה. שלב הפחתת הערובה עצמה (לאחר שכבר ניתן אישור) נעשה בנפרד, באמצעות טופס 7503, שמטרתו הקטנת "הסכום הקובע" [סעיף 5.3.3.2] — ולצדו יש להגיש דו"ח אפס מעודכן המוכיח ירידה צפויה בחבות המס/ברווחיות הפרויקט. זהו הכלי הספציפי להפחתת ערובה, להבדיל מטופס 7017א שמשמש לבקשת האישור הראשוני. כתב ההוראות הבלתי חוזרות לבנק מומצא באמצעות טופס 7501, ואישור הבנק על קבלתן באמצעות טופס 7502 [סעיף 5.3.3.2]. בסיום הליווי יש להמציא את דו"ח האפס האחרון של המפקח מטעם הבנק ואת טופס 702 [סעיף 5.3.3.2]. לגבי הקבלן, יש לרכז [הוראת ביצוע 8/2021 והוראת ביצוע 2/2010]: אישור שהוא קבלן רשום; מחזור פעילות הבנייה; קיום חובות ניכויים או שומות; פסילת ספרים; הליכי פירוק או כינוס; תיקי חקר; תשלום מקדמות; עמידה בערבויות; פעילות ודיווח כקבלן; והגשת טופס 701 למיסוי מקרקעין. הפחתת הערובה תישקל כאשר דו"ח האפס המעודכן מצביע על ירידה בחבות המס הצפויה, למשל בשל שינוי בתחזית הפרויקט או הפסדים צבורים/צפויים [הוראת ביצוע 8/2021, סעיף 5.3.3.2]. | E6: הוראת ביצוע מס הכנסה מספר 8_2021 בנושא_ סוגי אישורים, ערובות והקפאות חוב מס שבח במתן אישור לפי סעיף 50 לחוק מיסוי מקרקעי.pdf 397-סוגי אישורים ערובות והקפאות חוב מס שבח במתן אישור לפי סעיף 50 לחוק מיסוי מקרקעין.pdf עדכון להוראת ביצוע 2/2010 - אישור לפרויקט (הו"ב 1-2/2010) | F6: ='תגובות לטופס 3- ניר'!A2 -> 8/24/2026 18:18:38 | G6: תשובת זהב נקחה ממיסוי און ליין ותוקנה ע"י CLAUDE: א) הוספו מספרי סעיפים ממקורות ב) סידור של שלב הפחתת הערובה עצמה | H6: ציון 1 - מודל התבלבל בין הטפסים הנדרשים לאישור הפרויקט בתחילתו לבין שלב הפחתת הערובה, והיה צריך לכתוב כי לפי הוראת ביצוע 8/2021 יש להגיש טופס 7503 בליווי דוח אפס מעודכן המוכיח את הירידה הצפויה ברווחיות. | K6: על מנת להפחית ערובה בגין פרויקט בנייה, יש להמציא מידע שישכנע את פקיד השומה כי חבות מס ההכנסה הצפויה של הנישום מהפרויקט נמוכה מגובה הערובה הסטנדרטית. מידע זה יכול לכלול, לדוגמה, נתונים על הפסדים צבורים או צפויים לנישום. באשר לטפסים ומידע על הקבלן, אלו נדרשים במסגרת הבקשה לאישור הפרויקט, שבמסגרתה נקבעת הערובה: 1. **טפסים:** * טופס 7017 - "בקשה לאישור לפי סעיף 50 לחוק מיסוי מקרקעין - אישור לפרויקט לכל אורך חיי הפרויקט" (Chunk 1). * טופס 7017א - "בקשה לאישור לפי סעיף 50 לחוק מיסוי מקרקעין - אישור לפרויקט בליווי בנקאי", בצירוף "דו"ח אפס" שהוגש לתאגיד המלווה לצורך קבלת הליווי הבנקאי בפרויקט (Chunk 4). * טופס 5340 - לבקשה רגילה לאישור ספציפי לפי סעיף 50 לחוק, במקרים בהם לא התקבל אישור שנתי כללי או אישור לפרויקט (Chunk 2). 2. **מידע על הקבלן:** * הוכחה שהנישום הוא קבלן רשום ברשם הקבלנים (Chunk 1, 6). * במקרה שהנישום אינו קבלן רשום, עליו לצרף רישיון בר תוקף של קבלן הביצוע הראשי בגין הפרויקט הספציפי (Chunk 1, 4). * סיווג קבלני במשרד השיכון (לפחות ג2) יכול להיות רלוונטי לתנאי מתן הערובה (Chunk 2, 5). | L6: הוראת ביצוע מס הכנסה מספר 8_2021 בנושא_ סוגי אישורים, ערובות והקפאות חוב מס שבח במתן אישור לפי סעיף 50 לחוק מיסוי מקרקעי.pdf 397-סוגי אישורים ערובות והקפאות חוב מס שבח במתן אישור לפי סעיף 50 לחוק מיסוי מקרקעין.pdf אישורים כלליים לפי סעיף ‎50 לחוק מיסוי מקרקעין -דירות מגורים (תוספת להוראות ביצוע ‎83_85 ו - ‎90_17)- 14_2003.pdf הקפאות חוב מס שבח, סוגי אישורים לפי סעיף 50 לחוק מיסוי מקרקעין, וערובות במתן טופס 50-02_2010.pdf | M6: ='תגובות לטופס 3- ניר'!B2 -> שגויה | N6: ='תגובות לטופס 3- ניר'!C2 -> 1 | O6: ='תגובות לטופס 3- ניר'!D2 -> טופס 7503 ודוח 0 מעודכן רשום בהוראת הביצוע משנת 21 בצורה ברורה המודל התפזר | P6: ='תגובות לטופס 3- ניר'!E2 -> 1 | Q6: ='תגובות לטופס 3- ניר'!F2 -> המודל התפזר לא רשום הטופס לא רשום דוח 0 מעודכן אלו הדברים החשובים | R6: ='תגובות לטופס 3- ניר'!G2 -> 1 | S6: ='תגובות לטופס 3- ניר'!H2 -> המקור היחיד שרלוונטי זה הוראת הביצוע עמוד 10 סעיף 5.3.3.2 | T6: ='תגובות לטופס 3- ניר'!I2 -> 1 | ... X6: ='תגובות לטופס 3- ניר'!M2 -> מפוזר לא ניתן להסתמך דרך אגב תכנסו להוצאת רונן למיסים AI הוא נותן תשובה הרבה יותר טובה
A7: M03-Q02 | B7: ניר תשובה נכונה- מיסוי AI (הוצאות רונן) | C7: כאשר חוות הדעת חלקה אך מפנה לביאור שמלמד שחלקים גדולים מהדוח לא בוקרו האם מדובר בדוח סתמי היינו הנמקה 77 | D7: לא ניתן לפסול את הדוח באופן אוטומטי כ"דוח סתמי" (הנמקה 77) רק בגלל שהביאור מלמד שחלקים גדולים לא בוקרו. זהו בדיוק המקרה שהוראת ביצוע 4/2018 מגדירה כ"תחום אפור" ומחייבת טיפול מסודר לפני כל החלטה. מסגרת הבדיקה (הוראת ביצוע 4/2018): הפניית תשומת לב — אינה משנה את חוות הדעת, שנותרת בלתי מסויגת. חוות דעת מסויגת — יש הגבלה מהותית, אך לא כזו המונעת חוות דעת על הדוחות בכללותם. הימנעות מחוות דעת — ההגבלה מהותית עד כדי כך שהמבקר אינו יכול לחוות דעה כלל. כאשר ביאור מלמד על חלקים גדולים שלא בוקרו, ההסתייגות עשויה להיות "רחבה" עד כדי כך שהדוח הכספי אינו יכול לשמש "אבן פינה" לטיפול השומתי — ולפי סעיף 3.2.2 להוראה, במקרה כזה על פקיד השומה לפנות לחטיבה המקצועית לצורך התייעצות, ולא להחליט לבדו. בנוסף, לפני כל החלטה, פקיד השומה רשאי (סעיף 3.2.4.5) לדרוש בכתב מרואה החשבון המבקר דוח על היקף הביקורת שביצע — כלומר לברר ישירות מולו מה בדיוק לא בוקר ומדוע, ולא להסתפק בניסוח הביאור בלבד. מסקנה: תרחיש כזה אינו "לא בהכרח" סתמי ואינו "בהכרח" סתמי — הוא בדיוק המקרה שההוראה מייעדת להתייעצות עם החטיבה המקצועית ולדרישת הבהרות מרואה החשבון לפני כל קביעה. פסילה כ"דוח סתמי" לפי הנמקה 77 אפשרית רק לאחר שני הצעדים הללו, לא לפניהם. | E7: הוראת ביצוע מס הכנסה מספר 4_2018 – רשות המסים בנושא_ דוחות חבר בני אדם שהוגשו ללא חוות דעת או עם חוות דעת הסוטה מהנוסח ה.pdf ניתוב שלב א ושינויים בשידור דוחות ושומות יחידים וחברות לשנת המס 2024 (הו"ב מ"ה 7/25) | F7: =F6 -> 8/24/2026 18:18:38 | G7: תשובת זהב נקחה ממיסוי און ליין ותוקנה ע"י CLAUDE: א) היותר קצרה ב) הוספה של תוספות: "לפי סעיף 3.2.2 להוראה, במקרה כזה על פקיד השומה לפנות לחטיבה המקצועית לצורך התייעצות, ולא להחליט לבדו." " לפני כל החלטה, פקיד השומה רשאי (סעיף 3.2.4.5) לדרוש בכתב מרואה החשבון המבקר דוח על היקף הביקורת שביצע." | H7: ציון 5 - מודל נתן תשובה לא מלאה. התשובה : הדוח אכן פגום מהותית ומועמד לפסילה כ'דוח סתמי' (הנמקה 77). עם זאת, מאחר שמדובר במקרה של 'תחום אפור' (כפי שעולה מהוראת ביצוע 4/2018), פקיד השומה אינו רשאי לפסול אותו באופן אוטומטי; טרם הפסילה, עליו לדרוש תחילה הבהרות מרואה החשבון המייצג ולהתייעץ עם החטיבה המקצועית. | K7: כן, סביר להניח שדוח כזה ייחשב כ'דוח סתמי' המצדיק את הנמקה 77. 'הנמקה 77' מתייחסת לעיכוב החזר מס עקב הגשת 'דוח סתמי'. 'חוות דעת חלקה' ניתנת כאשר רואה החשבון המבקר סבור שהדוחות הכספיים משקפים באופן נאות את מצב החברה, וזאת לאחר שביצע ביקורת מספקת. כאשר חוות הדעת מפנה לביאור המלמד ש'חלקים גדולים מהדוח לא בוקרו', מדובר ב'הגבלה בביקורת' משמעותית. הגבלה כזו אינה מאפשרת מתן חוות דעת חלקה, אלא מחייבת מתן 'חוות דעת מסויגת' או אף 'הימנעות מחוות דעת', בהתאם למהותיות ההגבלה. דוח המציג חוות דעת חלקה אך סותר אותה בביאור לגבי היקף הביקורת, הוא דוח פגום מיסודו שאינו מספק את הביטחון הנדרש, ולכן יכול להיחשב כ'דוח סתמי'. | L7: הוראת ביצוע מס הכנסה מספר 4_2018 – רשות המסים בנושא_ דוחות חבר בני אדם שהוגשו ללא חוות דעת או עם חוות דעת הסוטה מהנוסח ה.pdf 493-הוראת ביצוע 4.2018 בנושא דוחות חבר בני אדם שהוגשו ללא חוות דעת או עם חוות דעת הסוטה מהנוסח האחיד (חוות דעת לא חלקה).pdf 32-ה.ב 5.2024 ניתוב שלב א לשנת 20230.pdf 488-הוראת ביצוע מס הכנסה מספר 5.2021 רשות המסים.pdf | M7: ='תגובות לטופס 3- ניר'!N2 -> שגויה | N7: ='תגובות לטופס 3- ניר'!O2 -> 4 | O7: ='תגובות לטופס 3- ניר'!P2 -> מקרה בתחום האפור, במקרה הזה יש לקבל הבהרות מרו"ח ולפנות למקצועית האם הנמקה 77 | P7: ='תגובות לטופס 3- ניר'!Q2 -> 4 | Q7: ='תגובות לטופס 3- ניר'!R2 -> ראה תשובה 1 | R7: ='תגובות לטופס 3- ניר'!S2 -> 10 | S7: ='תגובות לטופס 3- ניר'!T2 | T7: ='תגובות לטופס 3- ניר'!U2 -> 8 | ... X7: ='תגובות לטופס 3- ניר'!Y2
A8: M03-Q03 | B8: ניר תשובה נכונה- מיסוי AI (הוצאות רונן) | C8: לגבי התרת הוצאות מימון כאשר קיים במאזן הנישום נכס לא מניב - מהם כלל המס ותנאי הסף, שיעור ההוצאה ואופן החישוב, נטל ההוכחה ודרישות התיעוד מהנישום? הצג ניתוח משולב של סעיפי הפקודה, התקנות, הוראות הביצוע והפסיקה הרלוונטיים, וגבש מסקנה. | D8: תשובה (על בסיס הוראות ביצוע וחוזרים בלבד): 1. כלל המס והעוגן המשפטי הוצאות מימון (ריבית) מותרות בניכוי רק אם ההון שנלווה שימש בייצור הכנסה. זהו הבסיס לפי סעיף 17(1) לפקודה, כפי שמאושר במפורש בחוזר מ.ה. 5/86 (סעיף 3(2), "סעיף 17 – הגבלת ניכוי הוצאות ריבית"): "הכללים לזיהוי ריבית המותרת בניכוי לפי סעיף 17(1) לפקודה, בהיותה ריבית על הון ששימש בייצור הכנסה... יפורטו בהוראת ביצוע שתופץ בעתיד הקרוב" — וזוהי הוראת ביצוע 36/92, שמיישמת בפועל את הכלל: כאשר כספי העסק שימשו לרכישת נכס שאינו משמש בייצור הכנסה, יש לייחס לנכס זה את הוצאות המימון המתאימות, ואלה אינן מותרות בניכוי. 2. תנאי הסף התנאי המרכזי: ההון שנלווה שימש בייצור הכנסה. כאשר הנכס נרכש כהשקעה, אינו משמש בייצור הכנסה, אינו מניב בתקופה הרלוונטית, או קשור למשיכה/שימוש פרטי — הוצאות המימון המיוחסות אליו אינן מותרות. היתרה שאינה מיוחסת לנכס הלא-מניב עשויה להיות מיוחסת לנכסים קבועים מניבים ולמלאי, לפי הכללים בהוראת ביצוע 36/92. 3. אופן הייחוס והחישוב לפי הוראת ביצוע 36/92: הוצאות המימון המיוחסות לנכס הלא-מניב — אינן מותרות בניכוי. יתרת הריבית מיוחסת תחילה לנכסים קבועים המשמשים בייצור הכנסה. מתוכה מוכר שיעור מסוים כהוצאה, והיתרה מיוחסת למלאי. הסתייגות חשובה: השיעורים שאותרו (20%, או 30% בשנת המס 1986) הם נתונים היסטוריים. חוזר 5/86 עצמו מנסח את ההפניה לסעיף 17(1) כחלה "לגבי נישומים שחל לגביהם פרק ג' לחוק [התיאומים]" — כלומר המנגנון החישובי הספציפי (האחוזים, סדר הייחוס למלאי) נבנה במקור עבור אוכלוסיית נישומי חוק התיאומים. העיקרון הכללי (17(1)) עומד בפני עצמו, אך אין לאמץ את המנגנון המספרי המדויק כשיעור עדכני להיום בלי אימות נוסף. 4. נטל ההוכחה על הנישום להוכיח: מקור המימון; לאיזה שימוש הופנו כספי ההלוואה בפועל; איזה חלק שימש לרכישת הנכס הלא-מניב; איזה חלק שימש בנכסים מניבים/בפעילות עסקית; וכיצד חושב הייחוס. עצם רישום ההלוואה בספרים או הופעת הנכס במאזן אינם מספיקים — יש לבצע ייחוס לפי השימוש בפועל. 5. דרישות תיעוד רישום הנכס בספרי החשבונות; תיעוד מקור ההלוואה ותנועת כספיה; הפרדה מתועדת בין כספים שהופנו לנכס הלא-מניב לבין כספים שהופנו לפעילות מניבה; מסמכי מימון ורישומים חשבונאיים המאפשרים את הייחוס. מסקנה הוצאות מימון המיוחסות לנכס שאינו משמש בייצור הכנסה אינן מותרות בניכוי, מכוח סעיף 17(1) לפקודה (חוזר 5/86) וכפי שמיושם בהוראת ביצוע 36/92: יש לנטרל תחילה את החלק המיוחס לנכס הלא-מניב, ולאחר מכן לייחס את היתרה לנכסים מניבים ולמלאי, בכפוף להסתייגות על עדכניות המנגנון המספרי. מקור: חוזר מ.ה. 5/86 (הבהרות לחוק מס הכנסה (תיאומים בשל אינפלציה)), סעיף 3(2); הוראת ביצוע מס הכנסה 36/92. | E8: יישום הוראות חוק התיאומים בשנת המס 2000 - הוראת ביצוע מס_ 18_2001.pdf 1986_הבהרות לחוק מס הכנסה תיאומים בשל אינפלציה חוזה מה 5 86.docx ה"ב 1 36/92 9.7.92 — יחוס הוצאות מימון להשקעה שאינה משמשת בייצור הכנסה או לרכוש קבוע. הפעלת סעיף 2. הפעלת סעיף 3(ט) בעקבות חוק התיאומים | F8: =F7 -> 8/24/2026 18:18:38 | G8: תשובת זהב נקחה ממיסוי און ליין ותוקנה ע"י CLAUDE: (1) ריכוז כלל אי-ההכרה בהוצאות המימון בסעיף 17(1) לפקודה (דרך חוזר 5/86), במקום להישען על הוראת ביצוע 36/92 כמקור עצמאי בלבד; (2) הסרת ההסתמכות על סעיף 18/הוראת ביצוע 18/2001 (נכס שטרם החל לשמש בייצור הכנסה), שהייתה מיותרת ומטעה לפי הבודק; (3)ריכוז ההסתייגות על עדכניות האחוזים (20%/30%) | H8: ציון 2 - מודל החטיא את הסוגיה כשהסתמך על חוק התיאומים שבוטל ועל סעיף 18 במקום על סעיף 17, בעוד שהתשובה הנכונה חייבת לשלול את ניכוי הוצאות המימון מכוח סעיף 17(1) לפקודה והעיקרון הפסיקתי של "הכלים השלובים", הקובעים שריבית על הון שלא שימש בייצור הכנסה אינה מותרת בניכוי. | K8: התרת הוצאות מימון כאשר קיים במאזן הנישום נכס לא מניב היא סוגיה מורכבת המושפעת מסוג הנכס, מטרתו, והשלב בו הוא נמצא (לפני או אחרי ייצור הכנסה). הניתוח המשולב של סעיפי הפקודה, התקנות, הוראות הביצוע והפסיקה הרלוונטיים מציג את הכללים הבאים: **1. כלל המס ותנאי הסף:** * **היוון הוצאות ריבית (סעיף 18(ד) לפקודה):** באופן כללי, הוצאות ריבית הקשורות לנכסים שטרם החלו בייצור הכנסה, כגון מלאי עסקי (לדוגמה, קרקע בפרויקט "בניין להשכרה" או מלאי אצל קבלני בניין), מהוונות לעלות הנכס. הוצאות אלו אינן מותרות בניכוי שוטף, אלא מנוכות כחלק מעלות הנכס בעת מכירתו. הוראת ביצוע 127-ה ועדכון החלטות ועדת פסיקה (עדכון מס' 6) מתייחסות לכך במפורש. * **אי-התרת ניכוי (סעיף 39 לחוק מיסוי מקרקעין):** הוצאות ריבית המתייחסות לרכישת מקרקעין המהווים "רכוש קבוע" עד למועד הפעלתם, או "רכוש פרטי" עד למועד שינוי ייעודם למלאי עסקי, אינן מותרות בניכוי על פי סעיף 39 לחוק מיסוי מקרקעין. כך עולה מעדכון החלטות ועדת פסיקה (עדכון מס' 6). * **נכסים המשמשים בייצור הכנסה (סעיף 2(1) או 2(6) לפקודה):** עבור נכסים אלו, ריבית ששולמה בתקופה שהנכס טרם החל בייצור הכנסה מהוונת לנכס. עם זאת, הוצאות ריבית אלו אינן מותרות בניכוי במסגרת הפחת השנתי. במקום זאת, יש להתיר בניכוי את הוצאות הריבית הריאלית ששולמו עד להפעלת הנכס, ומנגד להקטין את שווי הרכישה בגובה הפחת שהותר על חלק הריבית שהוונה לעלות הנכס. (הוראת ביצוע 385-ה). * **חוק התיאומים (סעיף 11 לחוק):** במקרים ספציפיים, כמו בשנת המס 2000, הוצאות ריבית על נכס שטרם החל לשמש בייצור הכנסה עשויות להיות מותרות בניכוי לפי סעיף 11 לחוק התיאומים, בשיעור מחושב (מוכפל ב-3.5) ועד לשיעור עליית המדד. (הוראת ביצוע מס' 18/2001). **2. שיעור ההוצאה ואופן החישוב:** * כאמור, במרבית המקרים, הוצאות המימון מהוונות לעלות הנכס ואינן מנוכות כהוצאה שוטפת. הניכוי מתבצע בעת מכירת הנכס כחלק מהעלות המקורית. אין שיעור הוצאה קבוע לניכוי שוטף במקרים אלו, למעט החריג הספציפי בחוק התיאומים (הכפלה ב-3.5). **3. נטל ההוכחה ודרישות התיעוד מהנישום:** * **נטל ההוכחה:** נטל ההוכחה לזכאות לניכוי הוצאות מוטל על הנישום. לדוגמה, אם נכס החל לשמש בייצור הכנסה, קיימת חזקה שהריבית הותרה בניכוי. כדי לסתור חזקה זו, על הנישום להוכיח, להנחת דעתו של המנהל, כי הוצאת הריבית לא הייתה ניתנת לניכוי מאחר והנכס לא שימש בייצור הכנסה. (הוראת ביצוע 385-ה). * **דרישות תיעוד:** נדרש תיעוד מפורט. דוגמאות לראיות אפשריות כוללות חשבונות מים, חשמל, ארנונה, אישור רואה חשבון של החברה, ובדיקת דוחות כספיים. כמו כן, הוראת ביצוע מס' 18/2001 קובעת כי אין להתיר כל ניכוי של הוצאות ריבית ללא המצאת הטופס הרלוונטי. **מסקנה:** התרת הוצאות מימון בגין נכס לא מניב תלויה במידה רבה בסיווג הנכס ובשלב מחזור חייו. ככלל, הוצאות אלו אינן מותרות בניכוי שוטף, אלא מהוונות לעלות הנכס ומנוכות בעת מימושו, או שאינן מותרות בניכוי כלל במקרים של רכוש פרטי או רכוש קבוע שטרם הופעל. קיימים חריגים ספציפיים, כמו בחוק התיאומים. על הנישום מוטל נטל הוכחה כבד להראות את הקשר בין ההוצאה לנכס ואת אי-יכולת הנכס לייצר הכנסה, ועליו להציג תיעוד מקיף ומהימן לתמיכה בטענותיו. | L8: 385-ה_ב מיסוי מקרקעין 16 2003.pdf 127-הטיפול המיסויי בירידת ערך של מלאי עסקי בידי קבלני בנין ובידי סוחרי נדל_ן ואי הכרה בירידת ערך של .pdf יישום הוראות חוק התיאומים בשנת המס 2000 - הוראת ביצוע מס_ 18_2001.pdf 54-עדכון החלטות ועדת פסיקה (עדכון מס_ 6)-.pdf 192-חוזר מס הכנסה 16-2004 משפטית- מקצועית- פחת למוניטין ששולם בעד רכישתו .pdf | M8: ='תגובות לטופס 3- ניר'!Z2 -> שגויה | N8: ='תגובות לטופס 3- ניר'!AA2 -> 1 | O8: ='תגובות לטופס 3- ניר'!AB2 -> התפלק לו, הוא לא בכיוון. לדעתי הוא הבין שיש צורך שבפקודה יהיה אופציה לייחוס הוצאות המימון ולכן הלך לסעיף 18. הוא פספס לחלוטין מדובר בנכס לא מניב ולכן היה אמור לכוון מלכתכילה לסעיף 17 כי לא מדובר בוהצאה בייצור הכנסה שיש להוונה לעלות הנכס. שיטת הייחוס לא מפורטת בפקודה אלא יציר של פסקי דין והוראות ביצוע. | P8: ='תגובות לטופס 3- ניר'!AC2 -> 1 | Q8: ='תגובות לטופס 3- ניר'!AD2 -> אולי היא שלמה אבל לא לשאלה הזו, האמת שאני לא בטוח שהיא שלמה לאף שאלה. | R8: ='תגובות לטופס 3- ניר'!AE2 -> 1 | S8: ='תגובות לטופס 3- ניר'!AF2 -> עצרתי באמצע פשוט לא שם | T8: ='תגובות לטופס 3- ניר'!AG2 -> 1 | ... X8: ='תגובות לטופס 3- ניר'!AK2 -> גם פה ניסיתי את AI הוצאת רונן מנתח את המקרה בצורה הרבה יותר טובה תבדקו
A9: M03-Q04 | B9: ניר תשובה נכונה- מיסוי AI (הוצאות רונן) | C9: האם פעילות של אריזה או הרכבה עשויה להיחשב 'מפעל יצרני' או לזכות בהטבות מס מכוח חוק עידוד השקעות הון? כלול ניתוח מול המבחנים הקובעים, הכרעה שומתית, וביסוס וסימוכין. | D9: תקציר מנהלים על סמך מסמכי הוראות ביצוע בלבד, פעילות אריזה כשלעצמה אינה נחשבת פעילות ייצורית לצורך הגדרת “מפעל תעשייתי”, ולכן אינה מקימה לבדה זכאות להטבות מכוח חוק עידוד השקעות הון. לעומת זאת, לגבי הרכבה, ההוראות שנמצאו אינן קובעות כלל אוטומטי; יש לבחון אם מדובר בשלב מהותי בשרשרת הפיתוח והייצור, ואם עיקר פעילות המפעל הוא ייצור בישראל ולא אריזה או מתן שירותים. השאלה המשפטית האם פעילות של אריזה או הרכבה עשויה להיחשב “מפעל יצרני” או “מפעל תעשייתי” המזכה בהטבות מס, ומהי ההכרעה השומתית המתבקשת לפי המבחנים המופיעים בהוראות הביצוע? המסגרת לפי הוראות הביצוע בהוראת הביצוע העוסקת בתיקון מספר 60 נאמר כי “מפעל תעשייתי” הוא מפעל בישראל שעיקר פעילותו בשנת המס היא פעילות ייצורית. אותה הוראה מונה בין הפעילויות הייצוריות, בין היתר, ייצור מוצרי תוכנה ופיתוח, וכן מחקר ופיתוח תעשייתי עבור תושב חוץ, בכפוף לתנאים שנקבעו שם. מנגד, היא מונה במפורש אריזה, בנייה, מסחר, תחבורה, החסנה, שירותי תקשורת, שירותים סניטריים ושירותים אישיים כפעילויות שאינן ייצוריות 📄 תיקון מספר 60 לחוק לעידוד השקעות הון (מ"ה 2/06)ציטוט ▼. הוראת הביצוע בנושא הפרדה או איחוד מפעלים מדגישה כי יש לבחון את המפעל ולא רק את החברה, וכי בחינת פעילות המפעל נעשית לפי שרשרת הערך על כל שלביה, משלב המחקר והפיתוח ועד לשלב הייצור הסופי של המוצר 📄 דגשים לעניין הפרדה או איחוד מפעלים לצורך קבלת הטבות בחוק לעידוד השקעות הון, התשי"ט-1959 (חוזר מ"ה 3/2019)ציטוט ▼. עוד נקבע באותה הוראה כי זיהוי המפעל התעשייתי נדרש, בין היתר, לצורך בחינת תנאי מפעל בר־תחרות, קביעת ההכנסה המועדפת וזיהוי הפעילות המבוצעת בישראל 📄 דגשים לעניין הפרדה או איחוד מפעלים לצורך קבלת הטבות בחוק לעידוד השקעות הון, התשי"ט-1959 (חוזר מ"ה 3/2019)ציטוט ▼. בהוראת הביצוע בדבר ניתוב הדוחות ושידור מפעל מוטב מודגש כי בחינת היקף הפעילות הייצורית מחייבת זהירות. בין המדדים שניתן לבחון נזכרים מספר עובדי הייצור והפיתוח, וכן קיומם של נכסים יצרניים והשקעות בהם. כאשר מספר עובדי הייצור או הפיתוח נמוך במיוחד ומתעורר ספק בדבר היקף הפעילות הייצורית, ההוראה מפנה לאפשרות להסתייע במחלקת חוקי העידוד בחטיבה המקצועית 📄 חוק עידוד השקעות הון - ניתוב הדוחות ושידור מפעל מוטב (ה"ב 7/09)ציטוט ▼. ניתוח הפעילות אריזה על פי הוראות הביצוע, אריזה היא פעילות שאינה ייצורית. לכן, אם פעילות החברה מסתכמת באריזת מוצרים שיוצרו על ידי אחרים, או באריזה שאינה חלק מתהליך ייצור מהותי של מוצר חדש, אין די בפעילות זו כדי לסווג את המפעל כמפעל תעשייתי לצורך ההטבות 📄 תיקון מספר 60 לחוק לעידוד השקעות הון (מ"ה 2/06)ציטוט ▼. הבחינה אינה משתנה רק משום שהאריזה מתבצעת באמצעות מכונות, במבנה תעשייתי או בהיקף משמעותי. מן ההוראות עולה כי המוקד הוא מהות הפעילות העיקרית של המפעל והשלב שהיא ממלאת בשרשרת הערך, ולא עצם השימוש בציוד או העובדה שהפעילות מתבצעת באתר תעשייתי 📄 דגשים לעניין הפרדה או איחוד מפעלים לצורך קבלת הטבות בחוק לעידוד השקעות הון, התשי"ט-1959 (חוזר מ"ה 3/2019)ציטוט ▼. עם זאת, אם לצד האריזה מתבצעת במפעל פעילות ייצורית ממשית ומהותית, יש לבחון אם האריזה היא פעילות נלווית בלבד ואם עיקר פעילותו של המפעל הוא הפעילות הייצורית. ההוראות אינן מאפשרות לקבוע על סמך הנתונים שנמסרו אם אריזה נלווית תסווג כחלק מהמפעל הייצורי; הכרעה זו תלויה במבנה הפעילות, בהיקף היחסי ובאופן ייחוס ההכנסות והמשאבים למפעל. הרכבה ביחס להרכבה, לא נמצא במסמכי הוראות הביצוע שאותרו כלל מפורש הקובע כי כל פעילות הרכבה היא ייצורית או כי כל פעילות הרכבה מוחרגת. לכן, אין בסיס במסמכים שנמצאו לקביעה אוטומטית שהרכבה מזכה בהטבות. יש לבחון, בין היתר: האם ההרכבה היא שלב מהותי בתהליך יצירת המוצר הסופי; האם היא מתבצעת בישראל; האם היא משנה, משלבת או יוצרת מוצר בעל מאפיינים מסחריים ותעשייתיים מובחנים; מה היקף כוח האדם העוסק בהרכבה לעומת עובדי הנהלה, מסחר ושירותים; אילו מכונות, ציוד ונכסים יצרניים משמשים בפעילות; האם ההרכבה היא הפעילות העיקרית של המפעל או פעילות נלווית לפעילות אחרת; כיצד משתלבת ההרכבה בשרשרת הערך הכוללת, משלב הפיתוח ועד המוצר הסופי 📄 דגשים לעניין הפרדה או איחוד מפעלים לצורך קבלת הטבות בחוק לעידוד השקעות הון, התשי"ט-1959 (חוזר מ"ה 3/2019)ציטוט ▼ 📄 חוק עידוד השקעות הון - ניתוב הדוחות ושידור מפעל מוטב (ה"ב 7/09)ציטוט ▼. העובדה שהחברה מרכיבה רכיבים למוצר אינה מספיקה, כשלעצמה, להוכחת קיומו של מפעל תעשייתי. מנגד, ההוראות אינן שוללות מראש אפשרות שהרכבה מהותית, המשולבת בתהליך ייצור ממשי ומבוצעת באמצעות מערך ייצור בישראל, תיחשב חלק מפעילות ייצורית. מבחן עיקר הפעילות הדרישה המרכזית היא שעיקר פעילותו של המפעל בשנת המס יהיה פעילות ייצורית 📄 תיקון מספר 60 לחוק לעידוד השקעות הון (מ"ה 2/06)ציטוט ▼. לפיכך, גם אם קיימת בחברה פעילות הרכבה מסוימת, אין די בכך אם עיקר פעילותה בפועל הוא: אריזה; מסחר; שיווק; החסנה; שירותים; פעילות מנהלית או תפעולית שאינה ייצורית. בהתאם להוראת הביצוע בנושא הפרדה או איחוד מפעלים, יש לבחון את הפעילות ברמת המפעל הספציפי ולא בהכרח ברמת החברה כולה. לכן, כאשר לחברה כמה פעילויות או אתרים, יש לבדוק אם ניתן לזהות מפעל יצרני נפרד, או שמדובר במערך פעילות אחד שעיקרו אינו ייצור 📄 דגשים לעניין הפרדה או איחוד מפעלים לצורך קבלת הטבות בחוק לעידוד השקעות הון, התשי"ט-1959 (חוזר מ"ה 3/2019)ציטוט ▼. מבחן התשתית היצרנית והעובדים הוראות הביצוע מפנות לבחינת אינדיקציות עובדתיות, ובהן: מספר עובדי הייצור והפיתוח; היקף הפעילות הייצורית; קיומם של נכסים יצרניים; השקעה בציוד המשמש את המפעל; הקשר בין הציוד, העובדים והכנסות המפעל 📄 חוק עידוד השקעות הון - ניתוב הדוחות ושידור מפעל מוטב (ה"ב 7/09)ציטוט ▼. כאשר הפעילות מבוססת על מעט עובדים, ללא תשתית ייצורית ממשית, או כאשר עיקר המשאבים מופנה לאריזה, מסחר או שירותים, תתחזק המסקנה שאין מדובר במפעל תעשייתי שעיקר פעילותו ייצורית. הכרעה שומתית בהיעדר נתונים עובדתיים מלאים, ההכרעה השומתית לפי הוראות הביצוע תהיה כדלקמן: מפעל שעיסוקו העיקרי הוא אריזה בלבד – יש לסווגו כפעילות שאינה ייצורית, ולדחות את הטענה כי עצם פעילות האריזה מקימה מעמד של מפעל תעשייתי או זכאות להטבות 📄 תיקון מספר 60 לחוק לעידוד השקעות הון (מ"ה 2/06)ציטוט ▼. מפעל שמבצע הרכבה בלבד – אין בהוראות שנמצאו תשובה אוטומטית. יש לבחון את מהות ההרכבה, מרכזיותה בייצור המוצר, התשתית היצרנית, עובדי הייצור, הציוד והיקף הפעילות בישראל. מפעל שבו ההרכבה היא שלב מהותי בשרשרת הייצור, קיימת תשתית יצרנית בישראל, ויש עובדים ונכסים יצרניים בהיקף ממשי – קיימת אפשרות לבסס טענה שמדובר בפעילות ייצורית, אך ההוראות שנמצאו אינן מספקות הכרעה חד־משמעית או אישור אוטומטי לכך. מפעל שבו ההרכבה משנית והפעילות העיקרית היא אריזה, מסחר או שירותים – יש לדחות את הסיווג כמפעל תעשייתי, משום שלא מתקיים מבחן עיקר הפעילות הייצורית. במקרה גבולי, הוראת הביצוע ממליצה להסתייע במחלקת חוקי העידוד בחטיבה המקצועית, במיוחד כאשר מספר עובדי הייצור או הפיתוח נמוך וקיים ספק בדבר היקף הפעילות הייצורית 📄 חוק עידוד השקעות הון - ניתוב הדוחות ושידור מפעל מוטב (ה"ב 7/09)ציטוט ▼. מסקנה והמלצות המסקנה השומתית הסבירה, על סמך הוראות הביצוע בלבד, היא כי: אריזה כשלעצמה אינה פעילות ייצורית ואינה מזכה בהטבות מכוח חוק עידוד השקעות הון. הרכבה אינה מזכה אוטומטית, אך עשויה להיבחן כחלק מפעילות ייצורית אם היא שלב מהותי בתהליך ייצור ממשי, מתבצעת בישראל, נתמכת בתשתית יצרנית ובעובדי ייצור, ומהווה את עיקר פעילות המפעל. יש לדרוש מהנישום תיאור מפורט של תהליך העבודה, לרבות חומרי הגלם, שלבי ההרכבה, המוצר לפני ואחרי ההרכבה, הציוד, עובדי הייצור, אתרי הפעילות והכנסות המיוחסות לכל פעילות. כאשר הנתונים אינם מאפשרים הכרעה ברורה, יש להעביר את הסוגיה להתייחסות מחלקת חוקי העידוד בחטיבה המקצועית 📄 חוק עידוד השקעות הון - ניתוב הדוחות ושידור מפעל מוטב (ה"ב 7/09)ציטוט ▼. הערות וסייגים הניתוח מבוסס אך ורק על הוראות ביצוע וחוזרים מקצועיים שאותרו במאגרי מיסים אונליין, בהתאם לבקשה. ההוראות אינן מהוות כשלעצמן מקור חקיקה או הכרעה שיפוטית, ובמסמכים שאותרו לא נמצאה הכרעה שומתית פרטנית העוסקת במדויק במפעל שפעילותו היא הרכבה בלבד. בנוסף, לא ניתן לקבוע מן החומר שנמצא אם במקרה קונקרטי מתקיימים יתר התנאים לקבלת ההטבות, כגון תנאי מפעל בר־תחרות, אופן חישוב ההכנסה המועדפת או תנאים נוספים החלים במסלול ההטבה הרלוונטי. | E9: דגשים לעניין הפרדה או איחוד מפעלים לצורך קבלת הטבות בחוק לעידוד השקעות הון, התשי"ט-1959 (חוזר מ"ה 3/2019) ציטוט ▲ " מפעל תעשייתי - מפעל בישראל שעיקר פעילותו בשנת המס היא פעילות ייצורית, [...]; בהגדרה זו, "פעילות ייצורית" - לרבות ייצור ופיתוח מוצרי תוכנה ומחקר ופיתוח תעשייתי בעבור תושב חוץ, ובלבד שניתן על כך אישור מאת ראש המינהל למחקר ופיתוח תעשייתי [...]" 2.2 פעילותו של המפעל תיבחן על פי שרשרת הערך שלו על כל שלביה החל משלב המחקר והפיתוח ועד לשלב הייצור הסופי של המוצר (לעתים מדובר במוצרים לא מוחשיים כך ששלב הייצור בא לידי ביטוי לרוב בעדכונים, התאמות והמשך תהליך הפיתוח של המוצר הלא מוחשי). 2.3 בהתאם לכך, המפעל או המפעל התעשייתי (להבדיל מהחברה עצמה) אשר אותו יש לבחון בכל מקום בו נקבעה בחוק אמת מידה ל"מפעל" 📄 חוק עידוד השקעות הון - ניתוב הדוחות ושידור מפעל מוטב (ה"ב 7/09) ציטוט ▲ יודגש, קריטריונים אלה יש לבחון בהתאם לנסיבות ובזהירות יתרה. כך למשל, במידה ומספר עובדי הייצור ו/או הפיתוח נמוך במיוחד וכתוצאה מכך עולה ספק בדבר היקף פעילותו הייצורית של המפעל ניתן להיעזר במחלקת חוקי העידוד בחטיבה המקצועית. 3.2.3 השקעה מזערית מזכה השקעה ברכישת נכסים יצרניים, במפעל תעשייתי - למעט השקעה בבניינים, הנעשית במהלך תקופה שאינה עולה על 3 שנות מס המסתיימת בתום שנת הבחירה, לשם הקמת מפעל חדש או לשם הרחבת מפעל. בהקמת מפעל חדש ההשקעה המזערית המזכה הנדרשת הינה בסך 300,000 ש"ח לפחות [2] . בהרחבת מפעל קיים נדרש סכום השקעה כגבוה מבין השניים: 1. סך של 300,000 ש"ח 1 . 2. סכום השווה לשיעור המזכה 📄 תיקון מספר 60 לחוק לעידוד השקעות הון (מ"ה 2/06) ציטוט ▲ הוראות מקצועיות - מס הכנסה מ"ה 2/06 - 12.7.06- תיקון מספר 60 לחוק לעידוד השקעות הון מיסים כ/4 ג-69 ט"ז תמוז תשס"ו 12 יולי 2006 אל: תפוצה: א', נצ'(1), ב(3), ג'(3), ד'(3), ו' חוזר מס הכנסה 2/2006 - חטיבה מקצועית/משפטית בנושא: תיקון מספר 60 לחוק לעידוד השקעות הון 1. מבוא ביום 22.3.05 אושר בכנסת, בקריאה שניה ושלישית, חוק ההסדרים לשנת הכספים 2005 (להלן: "חוק ההסדרים" או "התיקון לחוק" ). חוק ההסדרים כלל תיקון נרחב ומקיף בהוראות החוק לעידוד השקעות הון, התשי"ט-1959 (להלן: " חוק לעידוד השקעות הון" או "החוק" ). מטרתו המרכזית של התיקון לחוק הייתה לייעל את מתכונת הפעלת החוק באופן שנישומים, שיעמדו | F9: =F8 -> 8/24/2026 18:18:38 | G9: תשובת זהב נקחה ממיסוי און ליין | H9: ציון 5 - מודל נתן תשובה לא מלאה. המודל ענה על "האם מדובר במפעל תעשייתי" במקום על מה שנשאל בפועל – "האם מדובר בפעילות ייצורית", תוך הישענות בעיקר על מבחנים כמותיים-תפעוליים (עובדים, מכונות) מהוראת ביצוע 7/2009, ובכך פספס את מבחני המהות המשפטיים (שינוי אופי החומר, יצירת מוצר חדש, השבחה) שמקורם בפסיקה. הערה של ניר על פסקי דין והחלטות מיסוי לא רלוונטית, כי עדיין אין לנו מקור הנתונים כאלו | I9: תקציר מנהלים על סמך מסמכי הוראות ביצוע בלבד, פעילות אריזה כשלעצמה אינה נחשבת פעילות ייצורית לצורך הגדרת “מפעל תעשייתי”, ולכן אינה מקימה לבדה זכאות להטבות מכוח חוק עידוד השקעות הון. לעומת זאת, לגבי הרכבה, ההוראות שנמצאו אינן קובעות כלל אוטומטי; יש לבחון אם מדובר בשלב מהותי בשרשרת הפיתוח והייצור, ואם עיקר פעילות המפעל הוא ייצור בישראל ולא אריזה או מתן שירותים. השאלה המשפטית האם פעילות של אריזה או הרכבה עשויה להיחשב “מפעל יצרני” או “מפעל תעשייתי” המזכה בהטבות מס, ומהי ההכרעה השומתית המתבקשת לפי המבחנים המופיעים בהוראות הביצוע? המסגרת לפי הוראות הביצוע בהוראת הביצוע העוסקת בתיקון מספר 60 נאמר כי “מפעל תעשייתי” הוא מפעל בישראל שעיקר פעילותו בשנת המס היא פעילות ייצורית. אותה הוראה מונה בין הפעילויות הייצוריות, בין היתר, ייצור מוצרי תוכנה ופיתוח, וכן מחקר ופיתוח תעשייתי עבור תושב חוץ, בכפוף לתנאים שנקבעו שם. מנגד, היא מונה במפורש אריזה, בנייה, מסחר, תחבורה, החסנה, שירותי תקשורת, שירותים סניטריים ושירותים אישיים כפעילויות שאינן ייצוריות 📄 תיקון מספר 60 לחוק לעידוד השקעות הון (מ"ה 2/06)ציטוט ▼. הוראת הביצוע בנושא הפרדה או איחוד מפעלים מדגישה כי יש לבחון את המפעל ולא רק את החברה, וכי בחינת פעילות המפעל נעשית לפי שרשרת הערך על כל שלביה, משלב המחקר והפיתוח ועד לשלב הייצור הסופי של המוצר 📄 דגשים לעניין הפרדה או איחוד מפעלים לצורך קבלת הטבות בחוק לעידוד השקעות הון, התשי"ט-1959 (חוזר מ"ה 3/2019)ציטוט ▼. עוד נקבע באותה הוראה כי זיהוי המפעל התעשייתי נדרש, בין היתר, לצורך בחינת תנאי מפעל בר־תחרות, קביעת ההכנסה המועדפת וזיהוי הפעילות המבוצעת בישראל 📄 דגשים לעניין הפרדה או איחוד מפעלים לצורך קבלת הטבות בחוק לעידוד השקעות הון, התשי"ט-1959 (חוזר מ"ה 3/2019)ציטוט ▼. בהוראת הביצוע בדבר ניתוב הדוחות ושידור מפעל מוטב מודגש כי בחינת היקף הפעילות הייצורית מחייבת זהירות. בין המדדים שניתן לבחון נזכרים מספר עובדי הייצור והפיתוח, וכן קיומם של נכסים יצרניים והשקעות בהם. כאשר מספר עובדי הייצור או הפיתוח נמוך במיוחד ומתעורר ספק בדבר היקף הפעילות הייצורית, ההוראה מפנה לאפשרות להסתייע במחלקת חוקי העידוד בחטיבה המקצועית 📄 חוק עידוד השקעות הון - ניתוב הדוחות ושידור מפעל מוטב (ה"ב 7/09)ציטוט ▼. ניתוח הפעילות אריזה על פי הוראות הביצוע, אריזה היא פעילות שאינה ייצורית. לכן, אם פעילות החברה מסתכמת באריזת מוצרים שיוצרו על ידי אחרים, או באריזה שאינה חלק מתהליך ייצור מהותי של מוצר חדש, אין די בפעילות זו כדי לסווג את המפעל כמפעל תעשייתי לצורך ההטבות 📄 תיקון מספר 60 לחוק לעידוד השקעות הון (מ"ה 2/06)ציטוט ▼. הבחינה אינה משתנה רק משום שהאריזה מתבצעת באמצעות מכונות, במבנה תעשייתי או בהיקף משמעותי. מן ההוראות עולה כי המוקד הוא מהות הפעילות העיקרית של המפעל והשלב שהיא ממלאת בשרשרת הערך, ולא עצם השימוש בציוד או העובדה שהפעילות מתבצעת באתר תעשייתי 📄 דגשים לעניין הפרדה או איחוד מפעלים לצורך קבלת הטבות בחוק לעידוד השקעות הון, התשי"ט-1959 (חוזר מ"ה 3/2019)ציטוט ▼. עם זאת, אם לצד האריזה מתבצעת במפעל פעילות ייצורית ממשית ומהותית, יש לבחון אם האריזה היא פעילות נלווית בלבד ואם עיקר פעילותו של המפעל הוא הפעילות הייצורית. ההוראות אינן מאפשרות לקבוע על סמך הנתונים שנמסרו אם אריזה נלווית תסווג כחלק מהמפעל הייצורי; הכרעה זו תלויה במבנה הפעילות, בהיקף היחסי ובאופן ייחוס ההכנסות והמשאבים למפעל. הרכבה ביחס להרכבה, לא נמצא במסמכי הוראות הביצוע שאותרו כלל מפורש הקובע כי כל פעילות הרכבה היא ייצורית או כי כל פעילות הרכבה מוחרגת. לכן, אין בסיס במסמכים שנמצאו לקביעה אוטומטית שהרכבה מזכה בהטבות. יש לבחון, בין היתר: האם ההרכבה היא שלב מהותי בתהליך יצירת המוצר הסופי; האם היא מתבצעת בישראל; האם היא משנה, משלבת או יוצרת מוצר בעל מאפיינים מסחריים ותעשייתיים מובחנים; מה היקף כוח האדם העוסק בהרכבה לעומת עובדי הנהלה, מסחר ושירותים; אילו מכונות, ציוד ונכסים יצרניים משמשים בפעילות; האם ההרכבה היא הפעילות העיקרית של המפעל או פעילות נלווית לפעילות אחרת; כיצד משתלבת ההרכבה בשרשרת הערך הכוללת, משלב הפיתוח ועד המוצר הסופי 📄 דגשים לעניין הפרדה או איחוד מפעלים לצורך קבלת הטבות בחוק לעידוד השקעות הון, התשי"ט-1959 (חוזר מ"ה 3/2019)ציטוט ▼ 📄 חוק עידוד השקעות הון - ניתוב הדוחות ושידור מפעל מוטב (ה"ב 7/09)ציטוט ▼. העובדה שהחברה מרכיבה רכיבים למוצר אינה מספיקה, כשלעצמה, להוכחת קיומו של מפעל תעשייתי. מנגד, ההוראות אינן שוללות מראש אפשרות שהרכבה מהותית, המשולבת בתהליך ייצור ממשי ומבוצעת באמצעות מערך ייצור בישראל, תיחשב חלק מפעילות ייצורית. מבחן עיקר הפעילות הדרישה המרכזית היא שעיקר פעילותו של המפעל בשנת המס יהיה פעילות ייצורית 📄 תיקון מספר 60 לחוק לעידוד השקעות הון (מ"ה 2/06)ציטוט ▼. לפיכך, גם אם קיימת בחברה פעילות הרכבה מסוימת, אין די בכך אם עיקר פעילותה בפועל הוא: אריזה; מסחר; שיווק; החסנה; שירותים; פעילות מנהלית או תפעולית שאינה ייצורית. בהתאם להוראת הביצוע בנושא הפרדה או איחוד מפעלים, יש לבחון את הפעילות ברמת המפעל הספציפי ולא בהכרח ברמת החברה כולה. לכן, כאשר לחברה כמה פעילויות או אתרים, יש לבדוק אם ניתן לזהות מפעל יצרני נפרד, או שמדובר במערך פעילות אחד שעיקרו אינו ייצור 📄 דגשים לעניין הפרדה או איחוד מפעלים לצורך קבלת הטבות בחוק לעידוד השקעות הון, התשי"ט-1959 (חוזר מ"ה 3/2019)ציטוט ▼. מבחן התשתית היצרנית והעובדים הוראות הביצוע מפנות לבחינת אינדיקציות עובדתיות, ובהן: מספר עובדי הייצור והפיתוח; היקף הפעילות הייצורית; קיומם של נכסים יצרניים; השקעה בציוד המשמש את המפעל; הקשר בין הציוד, העובדים והכנסות המפעל 📄 חוק עידוד השקעות הון - ניתוב הדוחות ושידור מפעל מוטב (ה"ב 7/09)ציטוט ▼. כאשר הפעילות מבוססת על מעט עובדים, ללא תשתית ייצורית ממשית, או כאשר עיקר המשאבים מופנה לאריזה, מסחר או שירותים, תתחזק המסקנה שאין מדובר במפעל תעשייתי שעיקר פעילותו ייצורית. הכרעה שומתית בהיעדר נתונים עובדתיים מלאים, ההכרעה השומתית לפי הוראות הביצוע תהיה כדלקמן: מפעל שעיסוקו העיקרי הוא אריזה בלבד – יש לסווגו כפעילות שאינה ייצורית, ולדחות את הטענה כי עצם פעילות האריזה מקימה מעמד של מפעל תעשייתי או זכאות להטבות 📄 תיקון מספר 60 לחוק לעידוד השקעות הון (מ"ה 2/06)ציטוט ▼. מפעל שמבצע הרכבה בלבד – אין בהוראות שנמצאו תשובה אוטומטית. יש לבחון את מהות ההרכבה, מרכזיותה בייצור המוצר, התשתית היצרנית, עובדי הייצור, הציוד והיקף הפעילות בישראל. מפעל שבו ההרכבה היא שלב מהותי בשרשרת הייצור, קיימת תשתית יצרנית בישראל, ויש עובדים ונכסים יצרניים בהיקף ממשי – קיימת אפשרות לבסס טענה שמדובר בפעילות ייצורית, אך ההוראות שנמצאו אינן מספקות הכרעה חד־משמעית או אישור אוטומטי לכך. מפעל שבו ההרכבה משנית והפעילות העיקרית היא אריזה, מסחר או שירותים – יש לדחות את הסיווג כמפעל תעשייתי, משום שלא מתקיים מבחן עיקר הפעילות הייצורית. במקרה גבולי, הוראת הביצוע ממליצה להסתייע במחלקת חוקי העידוד בחטיבה המקצועית, במיוחד כאשר מספר עובדי הייצור או הפיתוח נמוך וקיים ספק בדבר היקף הפעילות הייצורית 📄 חוק עידוד השקעות הון - ניתוב הדוחות ושידור מפעל מוטב (ה"ב 7/09)ציטוט ▼. מסקנה והמלצות המסקנה השומתית הסבירה, על סמך הוראות הביצוע בלבד, היא כי: אריזה כשלעצמה אינה פעילות ייצורית ואינה מזכה בהטבות מכוח חוק עידוד השקעות הון. הרכבה אינה מזכה אוטומטית, אך עשויה להיבחן כחלק מפעילות ייצורית אם היא שלב מהותי בתהליך ייצור ממשי, מתבצעת בישראל, נתמכת בתשתית יצרנית ובעובדי ייצור, ומהווה את עיקר פעילות המפעל. יש לדרוש מהנישום תיאור מפורט של תהליך העבודה, לרבות חומרי הגלם, שלבי ההרכבה, המוצר לפני ואחרי ההרכבה, הציוד, עובדי הייצור, אתרי הפעילות והכנסות המיוחסות לכל פעילות. כאשר הנתונים אינם מאפשרים הכרעה ברורה, יש להעביר את הסוגיה להתייחסות מחלקת חוקי העידוד בחטיבה המקצועית 📄 חוק עידוד השקעות הון - ניתוב הדוחות ושידור מפעל מוטב (ה"ב 7/09)ציטוט ▼. הערות וסייגים הניתוח מבוסס אך ורק על הוראות ביצוע וחוזרים מקצועיים שאותרו במאגרי מיסים אונליין, בהתאם לבקשה. ההוראות אינן מהוות כשלעצמן מקור חקיקה או הכרעה שיפוטית, ובמסמכים שאותרו לא נמצאה הכרעה שומתית פרטנית העוסקת במדויק במפעל שפעילותו היא הרכבה בלבד. בנוסף, לא ניתן לקבוע מן החומר שנמצא אם במקרה קונקרטי מתקיימים יתר התנאים לקבלת ההטבות, כגון תנאי מפעל בר־תחרות, אופן חישוב ההכנסה המועדפת או תנאים נוספים החלים במסלול ההטבה הרלוונטי. | J9: דגשים לעניין הפרדה או איחוד מפעלים לצורך קבלת הטבות בחוק לעידוד השקעות הון, התשי"ט-1959 (חוזר מ"ה 3/2019) ציטוט ▲ " מפעל תעשייתי - מפעל בישראל שעיקר פעילותו בשנת המס היא פעילות ייצורית, [...]; בהגדרה זו, "פעילות ייצורית" - לרבות ייצור ופיתוח מוצרי תוכנה ומחקר ופיתוח תעשייתי בעבור תושב חוץ, ובלבד שניתן על כך אישור מאת ראש המינהל למחקר ופיתוח תעשייתי [...]" 2.2 פעילותו של המפעל תיבחן על פי שרשרת הערך שלו על כל שלביה החל משלב המחקר והפיתוח ועד לשלב הייצור הסופי של המוצר (לעתים מדובר במוצרים לא מוחשיים כך ששלב הייצור בא לידי ביטוי לרוב בעדכונים, התאמות והמשך תהליך הפיתוח של המוצר הלא מוחשי). 2.3 בהתאם לכך, המפעל או המפעל התעשייתי (להבדיל מהחברה עצמה) אשר אותו יש לבחון בכל מקום בו נקבעה בחוק אמת מידה ל"מפעל" 📄 חוק עידוד השקעות הון - ניתוב הדוחות ושידור מפעל מוטב (ה"ב 7/09) ציטוט ▲ יודגש, קריטריונים אלה יש לבחון בהתאם לנסיבות ובזהירות יתרה. כך למשל, במידה ומספר עובדי הייצור ו/או הפיתוח נמוך במיוחד וכתוצאה מכך עולה ספק בדבר היקף פעילותו הייצורית של המפעל ניתן להיעזר במחלקת חוקי העידוד בחטיבה המקצועית. 3.2.3 השקעה מזערית מזכה השקעה ברכישת נכסים יצרניים, במפעל תעשייתי - למעט השקעה בבניינים, הנעשית במהלך תקופה שאינה עולה על 3 שנות מס המסתיימת בתום שנת הבחירה, לשם הקמת מפעל חדש או לשם הרחבת מפעל. בהקמת מפעל חדש ההשקעה המזערית המזכה הנדרשת הינה בסך 300,000 ש"ח לפחות [2] . בהרחבת מפעל קיים נדרש סכום השקעה כגבוה מבין השניים: 1. סך של 300,000 ש"ח 1 . 2. סכום השווה לשיעור המזכה 📄 תיקון מספר 60 לחוק לעידוד השקעות הון (מ"ה 2/06) ציטוט ▲ הוראות מקצועיות - מס הכנסה מ"ה 2/06 - 12.7.06- תיקון מספר 60 לחוק לעידוד השקעות הון מיסים כ/4 ג-69 ט"ז תמוז תשס"ו 12 יולי 2006 אל: תפוצה: א', נצ'(1), ב(3), ג'(3), ד'(3), ו' חוזר מס הכנסה 2/2006 - חטיבה מקצועית/משפטית בנושא: תיקון מספר 60 לחוק לעידוד השקעות הון 1. מבוא ביום 22.3.05 אושר בכנסת, בקריאה שניה ושלישית, חוק ההסדרים לשנת הכספים 2005 (להלן: "חוק ההסדרים" או "התיקון לחוק" ). חוק ההסדרים כלל תיקון נרחב ומקיף בהוראות החוק לעידוד השקעות הון, התשי"ט-1959 (להלן: " חוק לעידוד השקעות הון" או "החוק" ). מטרתו המרכזית של התיקון לחוק הייתה לייעל את מתכונת הפעלת החוק באופן שנישומים, שיעמדו | K9: פעילות של אריזה או הרכבה עשויה להיחשב 'מפעל יצרני' ולזכות בהטבות מס מכוח חוק עידוד השקעות הון, אך הדבר תלוי באופי ובמהות הספציפיים של הפעילות וייבחן אל מול המבחנים הקובעים: **1. הגדרת 'מפעל תעשייתי' ו'פעילות ייצורית':** * על פי סעיף 51 לחוק עידוד השקעות הון, 'מפעל תעשייתי' הוא מפעל בישראל שעיקר פעילותו בשנת המס היא 'פעילות ייצורית' (מתוך Chunk 0). 'פעילות ייצורית' כוללת, בין היתר, ייצור ופיתוח מוצרי תוכנה ומחקר ופיתוח תעשייתי (מתוך Chunk 0). בחינת פעילות המפעל מתבצעת על פי שרשרת הערך שלו, החל משלב המחקר והפיתוח ועד לשלב הייצור הסופי של המוצר, כאשר המפעל הוא המקום בו מתבצע תהליך הפיתוח והייצור (מתוך Chunk 0). **2. המבחנים הקובעים לבחינת 'פעילות ייצורית':** * בפסיקה נקבעו מספר קריטריונים המסייעים בבחינת פעילות ייצורית של מפעל (מתוך Chunk 1, Chunk 2). קריטריונים אלו כוללים: * היקף פעילותו הכללית של המפעל. * מספר עובדי הייצור במפעל. * מספר המכונות במפעל. * שלבי בחינת הייצור. * טיבם ומספרם של שלבי הפיכתו של יש מוחשי אחד ליש מוחשי אחר. * יש לבחון קריטריונים אלה בזהירות ובהתאם לנסיבות הספציפיות של כל מקרה (מתוך Chunk 1, Chunk 2). **3. ניתוח מול פעילות אריזה או הרכבה:** * החוזרים והוראות הביצוע אינם מתייחסים במפורש לפעילות אריזה או הרכבה כשלעצמן. עם זאת, המבחן המרכזי של 'הפיכתו של יש מוחשי אחד ליש מוחשי אחר' (מתוך Chunk 1, Chunk 2) הוא קריטי: * **פעילות הרכבה:** אם פעילות ההרכבה כרוכה בשינוי מהותי, יצירת מוצר חדש ושונה ממכלול הרכיבים המורכבים, ודורשת תהליכי ייצור מורכבים, מכונות ייעודיות ועובדי ייצור, היא עשויה להיחשב כפעילות ייצורית. היקף ההרכבה, מורכבותה והערך המוסף שהיא יוצרת יהיו גורמים מכריעים. * **פעילות אריזה:** אריזה פשוטה של מוצר קיים לרוב לא תיחשב כפעילות ייצורית. אולם, אם פעילות האריזה כוללת תהליכים מורכבים, התאמה אישית משמעותית, שילוב של מספר רכיבים ליצירת יחידת מוצר חדשה (כגון קיטים), או תהליכים טכנולוגיים מתקדמים המהווים חלק אינטגרלי מתהליך הייצור הכולל, ייתכן וניתן יהיה לטעון כי היא מהווה חלק מפעילות ייצורית, שוב בהתאם למידת הטרנספורמציה והקריטריונים הנוספים. **4. הכרעה שומתית וביסוס:** * ההכרעה האם פעילות אריזה או הרכבה מהווה 'מפעל תעשייתי' אינה חד משמעית ודורשת בחינה פרטנית של כל מקרה לגופו. במקרים בהם עולה ספק לגבי היקף הפעילות הייצורית, במיוחד אם מספר עובדי הייצור או הפיתוח נמוך במיוחד, יש להיעזר במחלקה המקצועית בחטיבת חוקי העידוד (מתוך Chunk 1, Chunk 2). * הבסיס המשפטי לבחינה זו הוא סעיף 51 לחוק עידוד השקעות הון, והקריטריונים שנקבעו בפסיקה ובהוראות ביצוע של רשות המסים, כגון הוראת ביצוע מס' 7/2009 (מתוך Chunk 1, Chunk 2) וחוזר מס הכנסה מס' 3/2019 (מתוך Chunk 0, Chunk 3, Chunk 4, Chunk 5, Chunk 6) הדנים בהגדרת 'מפעל תעשייתי' ובמבחנים להפרדה או איחוד מפעלים. לסיכום, פעילות אריזה או הרכבה יכולה להיחשב כפעילות ייצורית אם היא עומדת במבחנים המהותיים של יצירת שינוי או טרנספורמציה משמעותית במוצר, וזאת בהתאם למכלול הנסיבות והקריטריונים שנקבעו. | L9: 69-חוזר מס הכנסה בנושא הפרדת מפעלים - סופי מונגש לפרסום.pdf חוק עידוד השקעות הון - ניתוב הדוחות ושידור מפעל מוטב - 7_2009.pdf 588-עידכון ה ב מס הכנסה 7-2007 שומה -מקצועית חוק עידוד השקעות הון – ניתוב הדוחות ושידור מפעל מוטב .pdf 40-תכנית העבודה בתחום השומה לשנת 2022.pdf 514-הוראת ביצוע תכנית עבודה בשומה לשנת 2020 סופי.pdf 5-הוראת ביצוע לפרסום.pdf | M9: ='תגובות לטופס 3- ניר'!AL2 -> נכונה | N9: ='תגובות לטופס 3- ניר'!AM2 -> 5 | O9: ='תגובות לטופס 3- ניר'!AN2 -> לדעתי השאלה לא נשאלה בצורה נכונה ולא מדויקת. פעילות יצורית המבחן זה יצירת מוצר חדש - הופכת חומר גלם למוצר, משנה את אופיו ומהותו, חיבור רכיבים ויצירת מוצר חדש, מבחן השינוי , מבחן של תהליכי ייצור, השבחת המוצר. | P9: ='תגובות לטופס 3- ניר'!AO2 -> 6 | Q9: ='תגובות לטופס 3- ניר'!AP2 -> לדעתי חסרים פסקי דין רלוונטיים לקביעה האם יצורי או לאו בסעיף 4 לתשובה היא עונה האם מדובר במפעל תעשייתי מה שהוא לא נשאל הוא נשאל האם מדובר בפעילות ייצורית זה אכן אחד התנאים להכנס לחוק אך לא נשאל אל כך. | R9: ='תגובות לטופס 3- ניר'!AQ2 -> 3 | S9: ='תגובות לטופס 3- ניר'!AR2 -> יש חזורים נוספים המדברים יש החלטות מיסוי בנושא. | T9: ='תגובות לטופס 3- ניר'!AS2 -> 6 | ... X9: ='תגובות לטופס 3- ניר'!AW2
A10: M03-Q05 | B10: ניר | C10: במקרה שהכנסתו של נישום ממכירת חשמל גבוהה מהסכום הפטור, האם הנישום מאבד את כל ההטבה? | D10: -לא, הנישום אינו מאבד את כל ההטבה. במקרה שהכנסתו של נישום ממכירת חשמל עולה על הסכום המירבי הפטור, הוא עדיין יוכל ליהנות מהטבת המס שבחר (פטור ממס או מס מופחת) עד לסכום המירבי. הוראות הדין הרגיל יחולו רק על חלק ההכנסה העולה על הסכום המירבי. | E10: הוראת ביצוע מס הכנסה ומע_מ מספר 7_2019 בנושא_ חוק לעידוד השקעה באנרגיות מתחדשות (הטבות מס בשל הפקת חשמל מאנרגיה מתחדשת),.pdf | F10: =F9 -> 8/24/2026 18:18:38 | H10: ציון 9 | K10: -לא, הנישום אינו מאבד את כל ההטבה. במקרה שהכנסתו של נישום ממכירת חשמל עולה על הסכום המירבי הפטור, הוא עדיין יוכל ליהנות מהטבת המס שבחר (פטור ממס או מס מופחת) עד לסכום המירבי. הוראות הדין הרגיל יחולו רק על חלק ההכנסה העולה על הסכום המירבי. | L10: הוראת ביצוע מס הכנסה ומע_מ מספר 7_2019 בנושא_ חוק לעידוד השקעה באנרגיות מתחדשות (הטבות מס בשל הפקת חשמל מאנרגיה מתחדשת),.pdf | M10: ='תגובות לטופס 3- ניר'!AX2 -> נכונה | N10: ='תגובות לטופס 3- ניר'!AY2 -> 9 | O10: ='תגובות לטופס 3- ניר'!AZ2 | P10: ='תגובות לטופס 3- ניר'!BA2 -> 10 | Q10: ='תגובות לטופס 3- ניר'!BB2 | R10: ='תגובות לטופס 3- ניר'!BC2 -> 10 | S10: ='תגובות לטופס 3- ניר'!BD2 | T10: ='תגובות לטופס 3- ניר'!BE2 -> 10 | ... X10: ='תגובות לטופס 3- ניר'!BI2
A11: M04-Q01 | B11: צליל עמנואל סברו | C11: כמה ערובה צריך להשאיר לפקיד השומה על עסקת מכר של קבלן בונה? | D11: גובה הערובה שקבלן בונה צריך להשאיר לפקיד השומה על עסקת מכר תלוי בסוג האישור, בסוג הישות המשפטית של הקבלן, ובשלב הבנייה בפועל, ונקבע בהתאם להוראת ביצוע מס הכנסה מספר 8/2021: 1. באישור לפרויקט לכל אורך חיי הפרויקט: תידרש ערובה בגובה של 1.5% משווי מחזור המכירות המשוער של הפרויקט לפני מע"מ. במקרה של יחיד ו/או חברה משפחתית, גובה הערובה הינו 3% ממחזור המכירות המשוער של הפרויקט לפני מע"מ. במקרים בהם פקיד השומה שוכנע שחבות מס ההכנסה הצפויה מהפרויקט נמוכה מגובה הערובה האמורה, תיקבע ערובה נמוכה יותר בהתאם לחבות המס הצפויה. 2. באישור פרטני (ליחידה ספציפית/מגרש) — יש להבחין בין שלושה מצבים לפי שלב הבנייה: הבנייה הסתיימה בשנה השוטפת (בין אם מדובר ביחידת מגורים ובין אם במגרש) — ההכנסה מתחייבת במס באותה שנה, ולכן אין להסתפק בערובה הגנרית: יש לדרוש מהמבקש תשלום מלוא המקדמה בשיעור של 23% מהרווח בפועל ממכירת היחידה/המגרש (ולא אחוז ממחיר המכירה). הבנייה טרם הסתיימה — החבות עדיין לא התגבשה באותה שנה, ולכן תידרש ערובה בגובה של 3% ממחיר המכירה של היחידה לפני מע"מ. במקרה של יחיד ו/או חברה משפחתית, גובה הערובה הינו 6% ממחיר המכירה לפני מע"מ. ההכנסה בגין היחידה כבר דווחה והמס שולם — לא תידרש ערובה כלל. בכל אחד משלושת המצבים, אם פקיד השומה שוכנע שחבות מס ההכנסה הצפויה נמוכה מגובה הערובה/המקדמה האמורה, תיקבע ערובה נמוכה יותר בהתאם לחבות המס הצפויה בפועל. | E11: הוראת ביצוע מס הכנסה מספר 8_2021 בנושא_ סוגי אישורים, ערובות והקפאות חוב מס שבח במתן אישור לפי סעיף 50 לחוק מיסוי מקרקעי.pdf | F11: ='תגובות לטופס 4- צליל עמנואל סבר'!A3 -> 8/26/2026 12:26:15 | G11: תשובת זהב של RAG תוקנה בעזרת claude: א) פיצול הסעיף "אישור פרטני" משני מצבים לשלושה: הבחנה מפורשת בין "הבנייה הסתיימה בשנה השוטפת" לבין "הבנייה טרם הסתיימה" — במקום התרחיש המעורפל "בכל שאר המקרים" שאיחד ביניהם. ב) הוספת שיעור החישוב החסר למקרה שהבנייה הסתיימה בשנה השוטפת: מלוא המקדמה מחושבת לפי 23% מהרווח בפועל (ולא אחוז ממחיר המכירה) — שיעור שלא הופיע כלל בתשובת ה-RAG. | H11: ציון 9 - יש לבצע הבחנה בין בניה שהסתיימה לבניה בהתהוות) בנוגע לפסקה 2) . במגרש לוקחים 23% על הרווח, אך ביחידת מגורים יש להבחין האם הבניה הסתיימה בשנה השוטפת ואז ידווח 23% מהרווח לבין מצב בו ההכנסה ממכירת הדירה דווחה והמס שולם ואז אין ערובה לבין מצב בו הבנייה טרם הסתיימה ואז הערובה היא 3%. | K11: גובה הערובה שקבלן בונה צריך להשאיר לפקיד השומה על עסקת מכר תלוי בסוג האישור ובסוג הישות המשפטית של הקבלן, ונקבע בהתאם להוראת ביצוע מס הכנסה מספר 8/2021: 1. **באישור לפרויקט לכל אורך חיי הפרויקט:** * תידרש ערובה בגובה של **1.5%** משווי מחזור המכירות המשוער של הפרויקט לפני מע"מ. * במקרה של יחיד ו/או חברה משפחתית, גובה הערובה הינו **3%** ממחזור המכירות המשוער של הפרויקט לפני מע"מ. * במקרים בהם פקיד השומה שוכנע שחבות מס ההכנסה הצפויה מהפרויקט נמוכה מגובה הערובה האמורה, תיקבע ערובה נמוכה יותר בהתאם לחבות המס הצפויה. 2. **באישור פרטני (ליחידה ספציפית):** * כאשר ההכנסה בגין היחידה דווחה והמס בגינה שולם, לא תידרש ערובה. * כאשר ההכנסה בגין היחידה טרם דווחה אך תתחייב במס הכנסה בשנה שבה נדרש האישור, יש לדרוש מהמבקש תשלום מלוא המקדמה בשל חבות המס הנובעת ממכירת היחידה. * בכל שאר המקרים, תידרש ערובה בגובה של **3%** ממחיר המכירה של היחידה לפני מע"מ. * במקרה של יחיד ו/או חברה משפחתית, גובה הערובה הינו **6%** ממחיר המכירה של היחידה לפני מע"מ. * במקרים בהם פקיד השומה שוכנע שחבות מס ההכנסה הצפויה ממכירת היחידה נמוכה מגובה הערובה האמורה, תיקבע ערובה נמוכה יותר בהתאם לחבות המס הצפויה. | L11: הוראת ביצוע מס הכנסה מספר 8_2021 בנושא_ סוגי אישורים, ערובות והקפאות חוב מס שבח במתן אישור לפי סעיף 50 לחוק מיסוי מקרקעי.pdf | M11: ='תגובות לטופס 4- צליל עמנואל סבר'!B3 -> נכונה | N11: ='תגובות לטופס 4- צליל עמנואל סבר'!C3 -> 8 | O11: ='תגובות לטופס 4- צליל עמנואל סבר'!D3 -> יש לבצע הבחנה בין בניה שהסתיימה לבניה בהתהוות) בנוגע לפסקה 2) . במגרש לוקחים 23% על הרווח, אך ביחידת מגורים יש להבחין האם הבניה הסתיימה בשנה השוטפת ואז ידווח 23% מהרווח לבין מצב בו ההכנסה ממכירת הדירה דווחה והמס שולם ואז אין ערובה לבין מצב בו הבנייה טרם הסתיימה ואז הערובה היא 3%. | P11: ='תגובות לטופס 4- צליל עמנואל סבר'!E3 -> 9 | Q11: ='תגובות לטופס 4- צליל עמנואל סבר'!F3 -> ההבחנה בין בנייה שהסתיימה לבין בניה בהתהוות | R11: ='תגובות לטופס 4- צליל עמנואל סבר'!G3 -> 10 | S11: ='תגובות לטופס 4- צליל עמנואל סבר'!H3 -> רלוונטית מאוד | T11: ='תגובות לטופס 4- צליל עמנואל סבר'!I3 -> 10 | ... X11: ='תגובות לטופס 4- צליל עמנואל סבר'!M3 -> נרשם לעיל
A12: M04-Q03 | B12: צליל עמנואל סברו | C12: מכרתי מניות בחברה ואני בעל מניות מהותי ויש את מועד סגירת ההסכם, ומועד התקבול והעיסקה משולמת בדולרים. מהו המועד הנכון למיסוי הן מבחינת יום הדיווח והן קביעת שער הדולר לעיסקה. ככל וישנם גם תקבולי הולדבק כל שנה לפי שער דולר של מועד התקבול במשך 3 שנים איך תדווח תמורת ההולדבק? | D12: בהתאם לחוזר מס הכנסה 19/2018 בנושא עסקה למכירת זכויות בתאגיד הכוללת תמורות שיועברו למוכר במועדים עתידיים: 1. מועד הדיווח: יום המכירה הוא היום בו השתכלל החוזה (לרוב יום החתימה), גם אם חלק מהתמורה תועבר במועד מאוחר יותר [סעיף 1.1, 1.3]. מועד הדיווח על העסקה הוא תוך 30 יום מיום המכירה, לפי סעיף 91(ד) לפקודה [סעיף 3.2] — זה חל הן על התמורה הוודאית והן, כברירת מחדל, על התמורה המותנית, אלא אם נבחר מסלול הדיווח החלופי. 2. קביעת שער הדולר לעסקה: תמורה עתידית ידועה (לא מותנית) במט"ח: כברירת מחדל מתורגמת לפי השער היציג ביום המכירה. הנישום רשאי לבקש מפקיד השומה שהמרת כל התמורה העתידית תיעשה לפי השער היציג במועד קבלת כל תשלום בפועל, בכפוף לכך שהבקשה מוגשת לא יאוחר ממועד הדיווח על העסקה, שאינה כוללת תמורה ששולמה כבר, ושבמועד קבלת כל תמורה יוגש דיווח מתוקן לרווח הון [סעיפים 4, 4.1–4.4]. בחירה זו היא בלתי חוזרת [סעיף 4.5]. תמורה מותנית (הולדבק) במסלול הדיווח החלופי: רכיב התמורה המותנית אינו נכלל בחישוב רווח ההון ביום המכירה [סעיף 5.5.1]; מועד חישוב המס ומועד תשלומו נדחים למועד קבלת כל תשלום בפועל [סעיף 5.5.2]; שער הדולר הרלוונטי הוא השער היציג במועד חישוב המס של אותו רכיב, דהיינו מועד קבלת התשלום [סעיף 5.5.3]. 3. דיווח תמורת ההולדבק (תמורה מותנית): תמורה מותנית ("תמורות עתידיות מותני קיום סכומים נקובים ודאיות שיופקדו בנאמנות עד להבטחת קיום מצגים... שהסתמך עליהם הצדדים") ניתן לבחור במסלול דיווח חלופי [סעיף 5.4, 5.5]. תנאי מקדים חשוב: מסלול הדיווח החלופי אינו זמין אוטומטית לכל תשלום שנקרא "מותנה" — סעיף 5.3 מפרט רשימת מקרים שבהם, גם אם נוסח ההסכם קורא לתשלום "מותנה", לא ניתן לסווגו כתמורה מותנית לצורך המסלול (למשל: כאשר קבלת האישור הרגולטורי הנדרשת היא וודאית למעשה; כאשר הסכום קבוע מראש ואינו תלוי בדבר; כאשר עיתוי התשלום בלבד תלוי בביצוע, לא הסכום; וכיו"ב) — במקרים אלה חלה חובת הדיווח הרגילה תוך 30 יום מיום המכירה על מלוא הסכום, ללא דחייה. במסלול החלופי, בעת קבלת כל תשלום הולדבק (כולו או חלקו), יוגש דיווח מתוקן לרווח הון בהתאם לסעיף 91(ד) לפקודה, במועד קבלת אותו תשלום [סעיף 5.5.4-5.5.5], ותשלום המס יישא ריבית והפרשי הצמדה מיום המכירה ועד מועד חישוב המס של אותו רכיב [סעיף 5.5.3, 3.3]. נקודה חשובה נוספת (שלא נבדקה מתוך המסמך הזה, לפי הערת בודק): לפני יישום המסלול לעיל, יש לבחון האם תקבולי ההולדבק מהווים במלואם תמורה הונית ממכירת המניות, או שיש בהם מרכיב פירותי (למשל תמורה המותנית בהמשך העסקת המוכר, בעמידה בתנאי אי-תחרות, או ביעדי ביצוע אישיים) — במקרים אלה יש לבצע פיצול בין רכיב הוני לרכיב פירותי בהתאם לעקרונות שנקבעו, ככל הנראה, בחוזר מס הכנסה 7/2015; רק החלק שסווג כהוני ידווח וימוסה לפי המנגנון שבחוזר 19/2018 המתואר לעיל. | E12: 14-תמורות מותנות סופי.pdf | G12: תשובת זהב של RAG תוקנה בעזרת claude: א) הוספת דרישה לבצע פיצול בין רכיב הוני לרכיב פירותי בתקבולי ההולדבק (למשל אם התמורה מותנית בהמשך העסקה, אי-תחרות, או יעדי ביצוע) לפי חוזר 7/2015, לפני יישום מנגנון הדיווח החלופי של חוזר 19/2018 — נקודה שהייתה חסרה לגמרי בתשובת ה-RAG. ב) הוספת תנאי מקדים שאותרתי בקריאת המקור עצמו (חוזר 19/2018, סעיף 5.3): מסלול הדיווח החלופי אינו חל אוטומטית על כל תשלום שההסכם מכנה "מותנה" — קיימת רשימת מקרים (כגון אישור רגולטורי וודאי למעשה, סכום קבוע מראש) שבהם התשלום ייחשב תמורה ודאית וידווח מיידית תוך 30 יום, ולא במסלול הנדחה. | H12: ציון 9 - במנגנון הולדבק יש להתייחס אל חוזר 7/2015 עם פיצול התמורה למרכיב הוני ופירותי . | K12: בהתאם לחוזר מס הכנסה 19/2018 בנושא עסקאות למכירת זכויות בתאגיד הכוללות תמורות עתידיות: **1. מועד הדיווח:** * באופן כללי, יום המכירה הוא היום בו השתכלל החוזה (לרוב יום חתימת ההסכם). הדיווח על העסקה, כולל התמורה הקבועה ובהיעדר בחירה במסלול חלופי גם התמורה המותנית, צריך להתבצע תוך 30 יום מיום המכירה, בהתאם לסעיף 91(ד) לפקודה. * עבור תמורות מותנות (כמו תקבולי הולדבק), קיים **מסלול דיווח חלופי** המאפשר לדחות את מועד חישוב ותשלום המס על רכיב התמורה המותנית למועד קבלתה בפועל או התוודעותה, תוך שמירה על יום המכירה כאירוע המס המקורי. מסלול זה כפוף לבחירת הנישום והסכמת פקיד השומה. **2. קביעת שער הדולר לעסקה:** * **עבור תמורה עתידית ידועה (שאינה מותנית) במטבע חוץ:** כברירת מחדל, התמורה תתורגם לשקלים חדשים לפי השער היציג של המטבע ביום המכירה של הנכס. עם זאת, הנישום רשאי לבקש מפקיד השומה, לא יאוחר ממועד הדיווח על העסקה, כי שער המט"ח שיובא בחשבון יהיה השער היציג במועד קבלת התשלום בפועל. במקרה כזה, יוגש דיווח מתוקן לרווח ההון במועד קבלת התמורה. * **עבור תמורה מותנית (תקבולי הולדבק) במסלול הדיווח החלופי:** שער הדולר שישמש לחישוב המס יהיה השער היציג במועד קבלת התשלום בפועל של כל תשלום הולדבק. הדוגמאות בחוזר מראות שימוש בשער הדולר במועד קבלת התמורה המותנית. **3. דיווח תמורת ההולדבק (תמורה מותנית):** * תקבולי הולדבק נחשבים ל"תמורה מותנית". כברירת מחדל, יש לדווח על כלל תמורות העסקה (לרבות רכיב התמורה המותנית) בתוך 30 ימים מיום המכירה. * אולם, לאור אי הוודאות והאפשרות לקבלת התמורה המותנית לאחר שנים, הנישום רשאי לבחור ב**מסלול דיווח חלופי**. במסלול זה, חישוב ותשלום המס בגין כל תשלום הולדבק נדחים למועד קבלתו בפועל. במועד קבלת כל תשלום הולדבק, יחושב המס בגינו לפי שער הדולר ביום קבלת התשלום, ויוגש דיווח מתוקן לרווח ההון. המס לתשלום בגין תמורה מותנית במסלול זה יישא ריבית והפרשי הצמדה ממועד חישוב המס של התמורה המותנית (כלומר, ממועד קבלת התשלום). | L12: 14-תמורות מותנות סופי.pdf | M12: ='תגובות לטופס 4- צליל עמנואל סבר'!Z3 -> נכונה | N12: ='תגובות לטופס 4- צליל עמנואל סבר'!AA3 -> 9 | O12: ='תגובות לטופס 4- צליל עמנואל סבר'!AB3 -> במנגנון הולדבק יש להתייחס אל חוזר 7/2015 עם פיצול התמורה למרכיב הוני ופירותי . | P12: ='תגובות לטופס 4- צליל עמנואל סבר'!AC3 -> 8 | Q12: ='תגובות לטופס 4- צליל עמנואל סבר'!AD3 | R12: ='תגובות לטופס 4- צליל עמנואל סבר'!AE3 -> 8 | S12: ='תגובות לטופס 4- צליל עמנואל סבר'!AF3 -> צירוף החוזר 5.2017 אולי פסיקה כמו חיים להמן | T12: ='תגובות לטופס 4- צליל עמנואל סבר'!AG3 -> 8 | ... X12: ='תגובות לטופס 4- צליל עמנואל סבר'!AK3
A13: M04-Q04 | B13: צליל עמנואל סברו | C13: התקבלה בקשה לתיקון דוח, הנובעת משינוי מסלול המס שבו דווחו הכנסות משכירות דירות. האם מדובר בתיקון מהותי או טכני, ומה הדין לעניין התיישנות? הסבר ונמק תוך ציטוט הוראת/הוראות הביצוע הרלוונטיות. | D13: בקשה לתיקון דוח הנובעת משינוי מסלול המס שבו דווחו הכנסות משכירות דירות תיחשב, ככל הנראה, לתיקון מהותי. ההבחנה בין תיקון טכני לתיקון מהותי [הוראת ביצוע מס הכנסה 3/2018, סעיפים 3.1.1-3.1.2]: תיקון טכני - תיקון שאינו מצריך שיקול דעת של פקיד השומה ולא יצריך בדיקה שומתית, כגון הוספת מסמכים מאמתים שלא נכללו בדוח המקורי (למשל אישורי הפקדות לקופות גמל או אישורי תרומות) או תיקון טעות אריתמטית. תיקון מהותי - תיקון המשפיע על ההכנסה החייבת המוצהרת, על ההפסד לצורך מס, או על חבות המס, לרבות שינוי בנקיטת עמדה מסוימת באשר לאופן, לעיתוי הדיווח או לסיווג ההכנסה. שינוי מסלול המס שבו דווחו הכנסות משכירות דירות נכנס בדיוק להגדרה הזו - מדובר בשינוי עמדה לגבי סיווג/אופן הדיווח של אותה מסכת עובדתית, ולכן זהו תיקון מהותי, לא טכני. תנאים לקבלת התיקון: גם אם התיקון מהותי, אין לנישום זכות מוקנית לתיקון - התיקון ייעשה במשורה ובזהירות ראויה, בעיקר במקרים של טעות בתום לב או גילוי מידע שלא ניתן היה לדעת על קיומו, ולא במקרה של טעות ב"כדאיות העסקה" (כלומר לא כאשר הנישום פשוט מבקש בדיעבד מסלול מס נוח יותר). לעניין ההתיישנות [הוראת ביצוע 3/2018, סעיפים 3.2, 4.3]: אם תקופת סמכות השומה כבר הסתיימה - לפי סעיף 145(א)(2) לפקודה (או לפי סעיף 152(ג) אם כבר נערכה שומה לפי סעיף 145(ב)) - לא ניתן להגיש כלל בקשת תיקון, בין אם מדובר בתיקון מהותי ובין אם בטכני. אם תקופת הסמכות עדיין פתוחה - בתיקון דוח המהווה תיקון מהותי, יש לשנות את תאריך הגשת הדוח השנתי לתאריך הגשת בקשת התיקון, מה שעשוי להשליך על מניין תקופת ההתיישנות לגבי אותו תיקון. עם זאת, ההוראה מדגישה שיש לפעול, ככל האפשר, במסגרת תקופת הסמכות המקורית, במקום שזו לא נגרעה בפועל - כלומר שינוי מועד ההגשה אינו "מאפס" באופן גורף את ההתיישנות, אלא פועל בכפוף לכך שסמכות השומה המקורית עדיין קיימת. | E13: 628-הוראת ביצוע 3.2018 בנושא אופן הטיפול בבקשת נישום לתיקון דוח על ההכנסות שהוגש על ידו לפקיד השומה.pdf הוראת ביצוע מס הכנסה מספר 3_2018 בנושא_ אופן הטיפול בבקשת נישום לתיקון דו_ח על ההכנסות שהוגש על ידו לפקיד השומה.pdf | G13: תשובת זהב של RAG תוקנה בעזרת claude: א) הוספת הגדרה מדויקת ומצוטטת של תיקון טכני מול תיקון מהותי (סעיפים 3.1.1–3.1.2), כולל הקישור המפורש בין "שינוי סיווג/אופן דיווח" לבין הגדרת תיקון מהותי — במקום המסקנה הכללית "ככל הנראה מהותי" בלי לעגן אותה בהגדרה עצמה. ב) תיקון מהותי בנושא ההתיישנות: הוחלף המשפט השגוי "ההוראה אינה מפרטת תקופת התיישנות ספציפית" בציטוט המנגנון הממשי שמצאתי במקור (סעיפים 3.2, 4.3) — לא ניתן להגיש תיקון כלל אם תקופת סמכות השומה הסתיימה (145(א)(2)/152(ג)), ובתיקון מהותי בתוך התקופה הפתוחה משתנה תאריך ההגשה למועד בקשת התיקון, בכפוף לכך שהסמכות המקורית לא נגרעה בפועל. | H13: ציון 9 - יש להוסיף חידוד בין תיקון מהותי לטכניון, כמו כן לעניין ההתיישנות | K13: בקשה לתיקון דוח הנובעת משינוי מסלול המס שבו דווחו הכנסות משכירות דירות תיחשב ככל הנראה לתיקון מהותי. זאת מכיוון שעל פי הוראת ביצוע מס הכנסה מספר 3/2018, תיקון המשנה באופן מהותי את חבות המס יוגדר כתיקון מהותי. שינוי מסלול מס עבור הכנסות משכירות דירות צפוי לשנות את חבות המס, ולכן אינו נחשב לתיקון טכני (כגון הוספת מסמכים מאמתים או תיקון טעות אריתמטית). לעניין התיישנות, הוראת ביצוע מס הכנסה מספר 3/2018 קובעת כי מעמדה של בקשת הנישום לתיקון הדו"ח השנתי עשוי להשליך על התיישנות הסמכות לשום. חשוב לציין כי על פי הפסיקה, כפי שמצוין בהוראת הביצוע, לא קיימת לנישום זכות מוקנית לתיקון דוח, ותיקונים ייעשו במשורה ובזהירות ראויה, בעיקר במקרים של טעות בתום לב ולא בטענת כדאיות עסקה. הוראת הביצוע אינה מפרטת את תקופת ההתיישנות הספציפית לסוג זה של תיקון, אך מציינת כי נושא ההתיישנות מושפע מבקשת התיקון. | L13: 628-הוראת ביצוע 3.2018 בנושא אופן הטיפול בבקשת נישום לתיקון דוח על ההכנסות שהוגש על ידו לפקיד השומה.pdf הוראת ביצוע מס הכנסה מספר 3_2018 בנושא_ אופן הטיפול בבקשת נישום לתיקון דו_ח על ההכנסות שהוגש על ידו לפקיד השומה.pdf | M13: ='תגובות לטופס 4- צליל עמנואל סבר'!AL3 -> נכונה | N13: ='תגובות לטופס 4- צליל עמנואל סבר'!AM3 -> 9 | O13: ='תגובות לטופס 4- צליל עמנואל סבר'!AN3 | P13: ='תגובות לטופס 4- צליל עמנואל סבר'!AO3 -> 10 | Q13: ='תגובות לטופס 4- צליל עמנואל סבר'!AP3 | R13: ='תגובות לטופס 4- צליל עמנואל סבר'!AQ3 -> 9 | S13: ='תגובות לטופס 4- צליל עמנואל סבר'!AR3 -> צירוף פסקי דין רג'ואן אברהם פלוס | T13: ='תגובות לטופס 4- צליל עמנואל סבר'!AS3 -> 9 | ... X13: ='תגובות לטופס 4- צליל עמנואל סבר'!AW3 -> בתיקון טכני אין שינוי במועד ההגשה בעוד שבתיקון מהותי מועד התיקון הוא מועד הגשת הדוח
A14: M04-Q05 | B14: צליל עמנואל סברו | C14: צרכן ביתי בחר מסלול מס מופחת על הכנסות מחשמל. בשנת 2016 הכנסתו ממכירת חשמל הייתה 120,000 ₪. כמה מס עליו לשלם וכיצד עליו לדווח בטופס השנתי? | D14: צרכן ביתי שבחר במסלול מס מופחת על הכנסות ממכירת חשמל בשנת 2016, והכנסתו עמדה על 120,000 ₪, יחויב במס כדלקמן — בכפוף לכך שמתקיימים תנאי הזכאות למסלול: בדיקת תנאי סף לזכאות למסלול (יש לוודא לפני החישוב): רישיון ספק שירות חיוני — רוכש החשמל (הגורם ששילם לצרכן הביתי) הוא בעל רישיון ספק שירות חיוני. סיווג ההכנסה כלא-עסקית — ההכנסה ממכירת החשמל אינה מהווה הכנסה מעסק או הכנסה ממשלח יד. מסירת הודעה מוקדמת — הצרכן הביתי מסר הודעה על בחירתו במסלול המס המופחת עוד בטרם הפיק את ההכנסות (בהתאם לסעיף 5 בהוראת הביצוע/בטיוטת החוזר). רק אם שלושת התנאים הללו מתקיימים במצטבר, חל החישוב הבא: חישוב המס: סך של 99,006 ₪ מההכנסה (תקרת "עוסק פטור" לשנת 2016) יחויב במס בשיעור של 10% — כלומר 9,900.6 ₪. ההפרש בסך 20,994 ₪ (120,000 ₪ − 99,006 ₪) ימוסה בהתאם לשיעור המס השולי של היחיד. אופן הדיווח בטופס השנתי (טופס 1301): בחלק א' (פרטים אישיים): יש לסמן "בשנת המס היו לי הכנסות בהתאם לחוק אנרגיות מתחדשות". בחלק ה' (הכנסות חייבות בשיעורי מס מיוחדים): סך של 99,006 ₪ יירשם בשדה 222/284/344 (הכנסה החייבת במס בשיעור 10%). ההפרש בסך 20,994 ₪ יירשם בשדה 167 (הכנסות אחרות, החייבות במס שולי). | E14: 445-טיוטת חוזר חוק לעידוד אנרגיה מתחדשת 22.07.2019 (002) מונגש.pdf הוראת ביצוע מס הכנסה ומע_מ מספר 7_2019 בנושא_ חוק לעידוד השקעה באנרגיות מתחדשות (הטבות מס בשל הפקת חשמל מאנרגיה מתחדשת),.pdf | G14: תשובת זהב של RAG תוקנה בעזרת claude: א) הוספת שלושה תנאי סף לזכאות (רישיון ספק שירות חיוני של הרוכש, סיווג ההכנסה כלא-עסקית, מסירת הודעה מוקדמת לפי סעיף 5) שיש לבדוק לפני ביצוע החישוב — במקום לקפוץ ישר לחישוב האריתמטי כאילו הזכאות מובנת מאליה. ב) ניסוח החישוב וטופס הדיווח (שנשארו כמעט זהים למקור) כמותנים בקיום התנאים הללו במצטבר — כך שברור שהמסקנה תקפה רק אם הבדיקה המקדימה עברה בהצלחה. | H14: ציון 9 - נכון אריתמטית ומבוסס על נתונים מדויקים, אך בתשובה חסרה בדיקת תנאי הזכאות (רישיון ספק שירות, סיווג ההכנסה כלא-עסקית, מסירת הודעה לפי סעיף 5) לפני החישוב. | K14: צרכן ביתי שבחר במסלול מס מופחת על הכנסות ממכירת חשמל בשנת 2016, והכנסתו עמדה על 120,000 ₪, יחויב במס באופן הבא: **חישוב המס:** * סך של 99,006 ₪ מההכנסה יחויב במס בשיעור של 10%. כלומר, 9,900.6 ₪. * ההפרש בסך 20,994 ₪ (120,000 ₪ - 99,006 ₪) ימוסה בהתאם לשיעור המס השולי של היחיד. **אופן הדיווח בטופס השנתי (טופס 1301):** * **בחלק א' (פרטים אישיים):** יש לסמן "בשנת המס היו לי הכנסות בהתאם לחוק אנרגיות מתחדשות". * **בחלק ה' (הכנסות חייבות בשיעורי מס מיוחדים):** * סך של 99,006 ₪ יירשם בשדה 222/284/344 (הכנסה החייבת במס בשיעור 10%). * ההפרש בסך 20,994 ₪ יירשם בשדה 167 (הכנסות אחרות, החייבות במס שולי). | L14: 445-טיוטת חוזר חוק לעידוד אנרגיה מתחדשת 22.07.2019 (002) מונגש.pdf הוראת ביצוע מס הכנסה ומע_מ מספר 7_2019 בנושא_ חוק לעידוד השקעה באנרגיות מתחדשות (הטבות מס בשל הפקת חשמל מאנרגיה מתחדשת),.pdf | M14: ='תגובות לטופס 4- צליל עמנואל סבר'!AX3 -> נכונה | N14: ='תגובות לטופס 4- צליל עמנואל סבר'!AY3 -> 9 | O14: ='תגובות לטופס 4- צליל עמנואל סבר'!AZ3 -> יש לפרט כי הנתונים לא מספקים. האם הנישום עמד בכל הקריטריונים לקבלת המסלול המופחת? האם יש בידו רישיון ספק שירות? האם לא מדובר בהכנסה מעסק? האם מסר הודעה על כך לפקיד השומה? | P14: ='תגובות לטופס 4- צליל עמנואל סבר'!BA3 -> 9 | Q14: ='תגובות לטופס 4- צליל עמנואל סבר'!BB3 -> אריתמטית התשובה נכונה. הייתי מוסיפה שאין לו זכאות למסלול הפטור , כיוון שמדובר בפטור מתקפל והוא נוגס בכולו | R14: ='תגובות לטופס 4- צליל עמנואל סבר'!BC3 -> 10 | S14: ='תגובות לטופס 4- צליל עמנואל סבר'!BD3 | T14: ='תגובות לטופס 4- צליל עמנואל סבר'!BE3 -> 10 | ... X14: ='תגובות לטופס 4- צליל עמנואל סבר'!BI3
A15: M06-Q02 | B15: תום גרנר חלף | C15: מהו שיעור הסכום הקובע מהרווח הצפוי בדוח אפס, במסגרת פרויקט בליווי בנקאי? הסבר ונמק תוך ציטוט מפורש של הוראת/הוראות הביצוע והפסקה הרלוונטית. | D15: שיעור הסכום הקובע מהרווח הצפוי בפרויקט, על פי דו"ח האפס הראשון שהוגש לתאגיד המלווה, הוא 13%. במקרה של יחיד ו/או חברה משפחתית, השיעור הוא 26%. הסכום הקובע מוגדר בכתב ההוראות הבלתי חוזרות, ומשמעותו סכום השווה לשיעור זה מהרווח הצפוי בפרויקט על פי דו"ח האפס הראשון אשר הוגש לתאגיד מלווה ועל בסיסו נחתם הסכם הליווי. ציטוט מפורש מהוראת הביצוע: "הסכום הקובע כהגדרתו על פי כתב ההוראות הבלתי חוזרות, משמעו סכום השווה לשיעור של 13% (ובמקרה של יחיד ו/או חברה משפחתית )26% מהרווח הצפוי בפרויקט על פי דו"ח האפס הראשון אשר הוגש ל תאגיד מלווה ועל בסיסו נחתם הסכם הליווי." הוראת הביצוע והפסקה הרלוונטית: הוראת ביצוע מס הכנסה מספר 8/2021, סעיף 5.3.3.2, הערה 2. | E15: 397-סוגי אישורים ערובות והקפאות חוב מס שבח במתן אישור לפי סעיף 50 לחוק מיסוי מקרקעין.pdf - הוראת ביצוע מס הכנסה מספר 8/2021 — סוגי אישורים, ערובות והקפאות חוב מס שבח במתן אישור לפי סעיף 50 לחוק מיסוי מקרקעין, סעיף 5.3.3.2, הערת שוליים 2. | F15: =#REF! -> #REF! | G15: תשובת זהב של RAG תוקנה בעזרת claude: א) תוקנה רשימת המקורות: הוספה במפורש "הוראת ביצוע מס הכנסה מספר 8/2021" | H15: ציון 9.1 - המודל ציין בתשובה את הוראת הביצוע אך לא ציין אותה במסמכים. | K15: שיעור הסכום הקובע מהרווח הצפוי בפרויקט, על פי דו"ח האפס הראשון שהוגש לתאגיד המלווה, הוא 13%. במקרה של יחיד ו/או חברה משפחתית, השיעור הוא 26%. הסכום הקובע מוגדר בכתב ההוראות הבלתי חוזרות, ומשמעותו סכום השווה לשיעור זה מהרווח הצפוי בפרויקט על פי דו"ח האפס הראשון אשר הוגש לתאגיד מלווה ועל בסיסו נחתם הסכם הליווי. ציטוט מפורש מהוראת הביצוע: "הסכום הקובע כהגדרתו על פי כתב ההוראות הבלתי חוזרות, משמעו סכום השווה לשיעור של 13% (ובמקרה של יחיד ו/או חברה משפחתית )26% מהרווח הצפוי בפרויקט על פי דו"ח האפס הראשון אשר הוגש ל תאגיד מלווה ועל בסיסו נחתם הסכם הליווי." הוראת הביצוע והפסקה הרלוונטית: הוראת ביצוע מס הכנסה מספר 8/2021, סעיף 5.3.3.2, הערה 2. | L15: 397-סוגי אישורים ערובות והקפאות חוב מס שבח במתן אישור לפי סעיף 50 לחוק מיסוי מקרקעין.pdf | M15: ='תגובות לטופס 6 תום'!N2 -> נכונה | N15: ='תגובות לטופס 6 תום'!O2 -> 10 | O15: ='תגובות לטופס 6 תום'!P2 | P15: ='תגובות לטופס 6 תום'!Q2 -> 10 | Q15: ='תגובות לטופס 6 תום'!R2 | R15: ='תגובות לטופס 6 תום'!S2 -> 6 | S15: ='תגובות לטופס 6 תום'!T2 -> המודל ציין בתשובה את הוראת הביצוע אך לא ציין אותה במסמכים. | T15: ='תגובות לטופס 6 תום'!U2 -> 10 | ... X15: ='תגובות לטופס 6 תום'!Y2
A16: M06-Q03 | B16: תום גרנר חלף תשובה נכונה- מיסוי AI (הוצאות רונן) | C16: כאשר מוגש דוח כספי לפקיד השומה, אך חוות הדעת המצורפת אליו חלקית ומפנה לביאור שממנו עולה כי חלקים גדולים מהדוח לא בוקרו - האם ניתן לראות בכך 'דוח סתמי' ולהזין 'הנמקה 77'? כלול בחינת מהות הדוח, הכרעה אופרטיבית, השלכות ישירות, וביסוס וציטוטים. | D16: תקציר מנהלים כן, ניתן לשדר הנמקה 77, אם מחוות הדעת ומהביאור המצורף עולה כי מבחינה מהותית רואה החשבון לא חיווה דעה על הדוחות בכללותם, או שהביקורת לא בוצעה לגבי חלקים מהותיים של הדוח. עם זאת, עצם קיומה של חוות דעת חלקית אינו יוצר אוטומטית דוח סתמי; יש לבחון אם מדובר למעשה בהימנעות מחוות דעת (המובילה ישירות להנמקה 77) או בהסתייגות רחבה (אשר מחייבת, בטרם כל קביעה, פנייה להתייעצות עם החטיבה המקצועית ודרישת הבהרות מפורשות מרואה החשבון המייצג). כאשר - כבמקרה המתואר - לא נמסר נוסח חוות הדעת המדויק אלא רק תיאור כללי לפיו "חלקים גדולים לא בוקרו", אין להכריע ישירות לכיוון הנמקה 77 אלא לפעול תחילה בהתאם למסלול הביניים שקובעת הוראת הביצוע. השאלה המשפטית האם דוח כספי שהוגש לפקיד השומה בצירוף חוות דעת חלקית, המפנה לביאור שממנו עולה כי חלקים גדולים מהדוח לא בוקרו, הוא דוח סתמי המצדיק שידור הנמקה 77, ומהם הצעדים וההשלכות האופרטיביות? המסגרת לפי הוראות הביצוע הוראת ביצוע מס הכנסה 4/2018 מבחינה בין חוות דעת עם הסתייגות או אי־הסכמה לבין הימנעות מחוות דעת. לפי ההוראה, הימנעות מתקיימת, בין היתר, כאשר ההגבלה בביקורת היא מהותית עד כדי כך שרואה החשבון אינו יכול לחוות דעה על הדוחות הכספיים: "הימנעות מחוות הדעת מבקר ימנע ממתן חוות דעת בהתקיים אחד מהבאים: ... כשההשפעה האפשרית של ההגבלה בביקורת, היא מהותית עד כדי כך שהמבקר אינו יכול לחוות דעה על הדוחות הכספיים." 📄 דוחות חבר בני אדם שהוגשו ללא חוות דעת או עם חוות דעת הסוטה מהנוסח האחיד (חוות דעת לא "חלקה") (הוראת ביצוע מס הכנסה מספר 4/2018) ההוראה קובעת במפורש כי דוח של חבר בני אדם הכולל דוחות כספיים ללא דוח רואה חשבון מבקר אינו נחשב דוח לפי סעיף 131 לפקודה. עוד נקבע בה כי יש לפעול באופן דומה כאשר חוות הדעת אינה מאפשרת לראות בדוח דוח מאושר: "על כן יש לפעול בנוגע לדוח כזה, באופן דומה לדוח כספי שהוגש ללא דוח רואה חשבון מבקר... יש להודיע לחברה כי לא יראו בדוח שהוגש דוח לפי סעיף 131 לפקודה. יש לשדר דוח כאמור תחת הנמקה 77." 📄 דוחות חבר בני אדם שהוגשו ללא חוות דעת או עם חוות דעת הסוטה מהנוסח האחיד (חוות דעת לא "חלקה") (הוראת ביצוע מס הכנסה מספר 4/2018) עם זאת, אותה הוראת ביצוע קובעת גם מסלול נפרד וחובה למקרה של "הסתייגות רחבה" - להבדיל מהימנעות מוחלטת - שבו הדוח הכספי אינו יכול לשמש בסיס לטיפול השומתי: במקרה כזה על פקיד השומה לפנות לחטيבה המקצועית לצורך התייעצות בטרם הכרעה, ולא לקבוע הנמקה 77 ישירות. (הערת מקור: ציטוט זה מבוסס על קריאה ישירה שביצעתי בעבר באותה שיחה בנוסח הוראת ביצוע 4/2018 עצמה; אינו כלול בקטעי הציטוט שצורפו להודעה הנוכחית, ולכן מובא כאן כידע שכבר אומת ולא כהשלמה חדשה שלא נבדקה.) הוראת הביצוע העדכנית יותר שאותרה בעניין ניתוב דוחות לשנת המס 2024 מתייחסת גם לדוח כספי ללא חוות דעת רואה חשבון כחסר מהותי: "במקרים שבו הדוח הוגש כשלא צורפו אליו מסמכים מהותיים, כגון: מאזן או דוח רווח והפסד או דוח התאמה או שהדוח הכספי הוא ללא חוות דעת רואה חשבון וכיוצ"ב, חסר העולה כדי קביעה לפי סעיף (131 ו) לפקודה לפיה רואים את הנישום כמי שלא הגיש דוח..." 📄 ניתוב שלב א ושינויים בשידור דוחות ושומות יחידים וחברות לשנת המס 2024 (הו"ב מ"ה 7/25) אותה הוראה מציגה את הנמקה 77 כחלק מטבלת מצבי הדוח ומבהירה כי היא מחייבת מכתב ממערכת מסמכים חסרים: "דוח סתמי ... 77 ... חייב במכתב ממערכת מסמכים חסרים." 📄 ניתוב שלב א ושינויים בשידור דוחות ושומות יחידים וחברות לשנת המס 2024 (הו"ב מ"ה 7/25) ניתוח משפטי מהות חוות הדעת חשובה יותר מהכותרת שלה הבחינה אינה צריכה להסתפק בכותרת הפורמלית של חוות הדעת - למשל "חוות דעת מסויגת" או "חוות דעת חלקית" - אלא במשמעות המעשית של האמור בה ובביאורים. אם הביאור מלמד כי: רואה החשבון לא בדק חלקים נרחבים מהפעילות; לא היו בידיו ראיות ביקורת מספיקות; הוא אינו יכול לחוות דעה על נתונים מהותיים; או שההגבלה חלה על סעיפים מרכזיים בדוחות הכספיים, אזי יש בסיס לבחון האם מדובר, מבחינה מהותית, בהימנעות מחוות דעת ולא בחוות דעת רגילה הכוללת הסתייגות מוגבלת. הוראת ביצוע 4/2018 מבהירה כי כאשר מדובר בהימנעות מוחלטת ומובהקת, והדוח אינו יכול להיחשב מאושר, יש לטפל בו בדומה לדוח שהוגש ללא דוח רואה חשבון מבקר, לרבות שימוש בהנמקה 77 📄 הוראת ביצוע מס הכנסה מספר 4/2018. עם זאת, כאשר לא ברור מתוך התיאור אם מדובר בהימנעות מוחלטת או בהסתייגות רחבה בלבד (מצב הביניים), יש לפעול לפי המסלול הנפרד שקובעת ההוראה למקרה זה: פנייה לחטיבה המקצועית להתייעצות, ודרישת הבהרה מפורשת מרואה החשבון המייצג לגבי היקף ההגבלה בפועל - בטרם כל קביעה של הנמקה 77. אין לקבוע הנמקה 77 באופן אוטומטי בכל חוות דעת שאינה "חלקה" הוראת הביצוע אינה קובעת שכל סטייה מנוסח חוות הדעת האחיד הופכת את הדוח לדוח סתמי. היא כוללת חריג חשוב: "במקרים חריגים בהם רואה החשבון המבקר יצהיר כי ההימנעות נבעה מהגבלה בביקורת על סעיפים בדוחות הכספיים, שאינם משפיעים על הכנסתה החייבת של הישות, וכן שאר הסעיפים בדוחות הכספיים בוקרו על ידו, יש לקלוט את דוחותיה של הישות." 📄 הוראת ביצוע מס הכנסה מספר 4/2018 מכאן עולה מבחן תפעולי מצטבר: ההימנעות נובעת מהגבלה בביקורת; ההגבלה מתייחסת לסעיפים שאינם משפיעים על ההכנסה החייבת; יתר סעיפי הדוחות הכספיים אכן בוקרו. אם אחד מתנאים אלה אינו מתקיים - ובמיוחד אם הביאור מצביע על כך שחלקים גדולים מהדוח לא בוקרו - אין תחולה ברורה לחריג. אך אין המשמעות אוטומטית "הנמקה 77" - אלא מעבר למסלול ההסתייגות הרחבה, שם נדרשת התייעצות עם החטיבה המקצועית לפני הכרעה סופית, ולא קביעה ישירה שמדובר בדוח סתמי. יישום לנסיבות שתוארו על בסיס התיאור בלבד - ללא נוסח חוות הדעת המדויק - המסקנה האופרטיבית היא: אם הביאור רק מציין הסתייגות נקודתית, כאשר יתר הדוח בוקר, וההסתייגות אינה נוגעת להכנסה החייבת - אין לשדר 77 באופן אוטומטי. יש לבחון קליטת הדוח ואף את האפשרות להעבירו לטיפול שומתי. אם הביאור מציין שחלקים גדולים מהדוח לא בוקרו, וקיימת אינדיקציה ברורה וחד-משמעית לכך שרואה החשבון אינו יכול לחוות דעה כלל על הדוחות בכללותם (הימנעות מובהקת) - ניתן לראות בדוח דוח שאינו מאושר ולשדר הנמקה 77. אם - כבמקרה המתואר - לא ברור מהעובדות אם מדובר בהימנעות מובהקת או בהסתייגות רחבה (מצב ביניים), אין להכריע ישירות. יש לפעול תחילה לפי המסלול המחייב: (א) דרישת הבהרה מפורשת מרואה החשבון המייצג לגבי היקף ההגבלה בפועל והשפעתה על ההכנסה החייבת; (ב) התייעצות עם החטיבה המקצועית. רק לאחר קבלת תשובות אלה, ובהתאם לתוצאתן, יש להכריע אם מדובר בהימנעות המצדיקה הנמקה 77 או בהסתייגות שניתן לקלוט לצידה את הדוח. לכן, במקרה המתואר, שבו הביאור מגלה כי חלקים גדולים מהדוח לא בוקרו, אך לא נמסר נוסח חוות הדעת המדויק - אין לקבוע כבר בשלב זה שמדובר בליקוי מהותי המצדיק הנמקה 77, אלא להפעיל את מסלול ההתייעצות/ההבהרה כתנאי מקדים להכרעה. ההכרעה האופרטיבית הנדרשת הטיפול המומלץ לפי הוראות הביצוע הוא: לתעד את בדיקת חוות הדעת והביאור, ובפרט את הסעיפים שלא בוקרו ואת הקשר שלהם להכנסה החייבת. לפנות לרואה החשבון המייצג בדרישה להבהרה מפורשת בדבר היקף ההגבלה בפועל ומידת השפעתה על ההכנסה החייבת. להעביר את הסוגיה להתייעצות עם החטיבה המקצועית ככל שהתשובה שהתקבלה מרואה החשבון אינה מבהירה חד-משמעית אם מדובר בהימנעות מובהקת או בהסתייגות רחבה. לשלוח לנישום או לחברה הודעה בדבר החסר ולדרוש השלמת המסמכים או הגשת דוח רואה חשבון מבקר מתאים. לשדר את הדוח בהנמקה 77 באמצעות מערכת מסמכים חסרים, רק אם לאחר השלבים הקודמים המסקנה היא שמדובר בדוח שאינו מאושר או בדוח סתמי. אם הוגש דוח רואה חשבון מתאים - לבחון מחדש את קליטת הדוח ולסגור את הפנייה במערכת מסמכים חסרים. בהוראת הביצוע לשנת המס 2024 נקבע: "סגירת הפניה במערכת מסמכים חסרים עם קבלת תשובה מספקת מהנישום, כגון: השלמת המסמך החסר, יש להקפיד על סגירת הפנייה במערכת מסמכים חסרים." 📄 ניתוב שלב א ושינויים בשידור דוחות ושומות יחידים וחברות לשנת המס 2024 (הו"ב מ"ה 7/25) בהוראת ביצוע 4/2018 נקבע, ביחס לדוח ללא דוח רואה חשבון מבקר או לדוח שאינו עומד בדרישה המהותית, כי אם לאחר הדרישה לא מוגש דוח מתאים, ניתן לבטל את שידור הדוח וליישם את הקביעה שהנישום לא הגיש דוח: "אם תוך 14 יום לא מוגש דוח רואה חשבון מבקר, יש לבטל שידור הדוח על פי החלטת הרכז באמצעות שאילתא ISIF וכן אישור הגשת דוח בהתאם לאמור בסעיף (131 ו) לפקודה." 📄 הוראת ביצוע מס הכנסה מספר 4/2018 עם זאת, בהוראות ניתוב אחרות שאותרו נקבע פרק זמן של 30 יום להמצאת המסמכים החסרים: "אם המסמכים החסרים לא יומצאו תוך 30 יום, יש ליישם את הקביעה לפי סעיף (131 ו) לפקודה וזאת על פי החלטת הרכז..." 📄 ניתוב שלב א ושינויים בשידור דוחות ושומות יחידים וחברות לשנת המס 2022 (הו"ב 03/2023) לפיכך קיימת אי־אחידות בין הוראת הביצוע הספציפית משנת 2018 לבין הוראת הניתוב המאוחרת יותר לעניין משך הזמן. יש לפעול לפי המועד הקבוע בהוראה המחייבת את שנת המס ואת סוג ההליך הרלוונטיים. (הערת אימות: פרק הזמן המדויק החל על המקרה הספציפי לא אומת כאן מעבר לכך שהוא מופיע בשני מקורות שונים עם ערכים שונים.) השלכות ישירות של הנמקה 77 לשידור הנמקה 77 יש את ההשלכות הבאות לפי הוראות הביצוע: הדוח אינו נחשב דוח שהוגש לצורך הוראות המס הרלוונטיות, כל עוד לא הושלם החסר; ניתן לבטל את שידור הדוח לאחר אי־המצאת דוח רואה חשבון מבקר מתאים; ניתן לפעול לקביעה בהיעדר דוח, בהתאם להחלטת הרכז; הדוח אינו נלקח בחשבון במניין הדוחות שהוגשו לצורך חישוב אחוז ההגשה במסגרת נוהלי הארכות 📄 נוהל מתן ארכות להגשת דוחות מס הכנסה לשנת המס 2015 (הו"ב מ"ה 6/2016); אין להשתמש בהנמקה 77 כתחליף לבדיקת תוכן חוות הדעת; יש לבסס את ההחלטה על מהות ההגבלה והיקף החלקים שלא בוקרו, ובמקרה של ספק - על תוצאות ההתייעצות עם החטיבה המקצועית ותשובת רואה החשבון, ולא על הנטייה הראשונית בלבד. מסקנה והמלצות בנסיבות המתוארות - ביאור המלמד כי חלקים גדולים מהדוח לא בוקרו, ללא נוסח מדויק של חוות הדעת - אין להכריע כבר בשלב זה שמדובר בדוח סתמי המצדיק הנמקה 77. יש לפעול תחילה לפי המסלול המחייב: דרישת הבהרה מפורשת מרואה החשבון המייצג, והתייעצות עם החטיבה המקצועית ככל שנותר ספק. רק בהתאם לתוצאות אלה - אם מתברר שמדובר בהימנעות מובהקת מחוות דעת, או בהסתייגות רחבה שאינה עומדת בתנאי החריג - יש לתעד את היקף ההגבלה, לשלוח דרישה באמצעות מערכת מסמכים חסרים, ולשדר הנמקה 77. אם לא תוגש חוות דעת מתאימה במועד הקבוע בהוראה החלה - ניתן לשקול ביטול שידור הדוח והמשך טיפול כדוח שלא הוגש, בהתאם להחלטת הרכז. | E16: דוחות חבר בני אדם שהוגשו ללא חוות דעת או עם חוות דעת הסוטה מהנוסח האחיד (חוות דעת לא "חלקה") (הו"ב מ"ה 4/2018) ציטוט ▲ המבקר הוא הגורם שנקבע בדין הכללי ובחקיקת המס כמי שמקיים לגבי הדוחות הכספיים הליכי ביקורת, הליכים שנקבעו בדין ובכללים. הליכי ביקורת וחוות דעת המבקר נועדו להבטיח את נאותות הדוחות הכספיים, שעליהם מתבסס פקיד השומה בעת ביצוע סמכויותיו בשומה. מכאן עולה כי לחוות דעת רואה חשבון על הדוח המוגש לפקיד השומה, עשויות להיות השלכות גם לעניין ההכנסה החייבת. לאור העובדה שהמונח דוח מאושר בידי רואה חשבון לא הוגדר בפקודת מס הכנסה , עולה השאלה האם דוח הכולל דוח רואה חשבון מבקר הסוטה מהנוסח האחיד, ייחשב לדוח מאושר בידי רואה חשבון לעניין הוראות סעיף 131 לפקודה. 1.5 מטרת הוראת ביצוע זו הינה לקבוע הנחיות בדבר האופן בו 📄 דוחות חבר בני אדם שהוגשו ללא חוות דעת או עם חוות דעת הסוטה מהנוסח האחיד (חוות דעת לא "חלקה") (הוראת ביצוע מס הכנסה מספר 4/2018) ציטוט ▲ ו"ח לתת ,עדיין הוא נדרש לאשר במילה" ביקרנו "את עובדת 10 קיומה של ביקורת חשבונות שבוצעה בפועל .בנוסף ,גילוי דעת זה ,בסעיף 22.6.3קובע" :בפסקה שתבוא במקום פסקת חוות הדעת יציין המבקר במפורש כי ,בשל ההשפעה המהותית האפשרית על הדוחות הכספיים עקב הנסיבות או הפרטים המתוארים בפסקת הביניים ,אין הוא מחווה דעה על הדוחות הכספיים...."משכך אין המדובר בדוחות מאושרים .תמים דעים אני עם עמדה זו שנוקט המשיב .גם אם נופלת המבקשת בתוך הקטגוריה של סעיף(131 ב )3()הרי שאין היא מקיימת את הוראות סעיף(131 ג )באשר לחובת הגשת דו"ח מאושר." על כן יש לפעול בנוגע לדוח כזה ,באופן דומה לדוח כספי שהוגש ללא דוח רואה חשבון מבקר 📄 נוהל מתן ארכות להגשת דוחות מס הכנסה לשנת המס 2015 (הו"ב מ"ה 6/2016) ציטוט ▲ 10.2.3 הטיפול בפניות לעניין דוחות 0 במקרים חריגים בהם דוחות לא נלקחו בחשבון במניין הדוחות שהוגשו והמייצג סבור שיש מקום לכלול אתם ככאלה, ניתן לפנות לחטיבת שירות לקוחות - מחלקת שירות ישיר -מרשם המייצגים בהתאם למספרי הטלפון הרשומים בסעיף 13.4 להוראה. לדוגמא במקרים בהם : · דוחות בהם קיימים נכסים והתחייבויות במאזן וכו'. · דוחות שיוגשו בתיקים שהמייצג/נישום הגיש, למשרד השומה בקשה לסגירת התיק (על גבי טופס 2550) ומסיבות שאינן תלויות בו משרד השומה לא סיווג את התיק כבלתי פעיל. 10.3 דוחות ששודרו בסמל הנמקה 75 או 77 10.3.1 גם בשנה זו ,דוחות שאינם מלאים אליהם לא צורפו כל המסמכים הנדרשים (לרבות שידור והגשת 📄 ניתוב שלב א ושינויים בשידור דוחות ושומות יחידים וחברות לשנת המס 2022 (הו"ב 03/2023) ציטוט ▲ 41 בנסיבות אלו יש לשדר קוד הנמקה 77 ולדרוש מהנישום השלמת המסמכים החסרים למסמך שהגיש על מנת שיחשב כדוח שהוגש. יובהר ,כי המערכת לא תאפשר לשדר את קוד הנמקה( 77 דוח סתמי ,)אם לא נשלח מכתב ממערכת מסמכים חסרים. אם המסמכים החסרים לא יומצאו תוך 30 יום ,יש ליישם את הקביעה לפי סעיף(131 ו )לפקודה וזאת על פי החלטת הרכז באמצאות שאילתא.ISIF 8.9.7אי התאמה בין הנתונים שדווחו בדוח השנתי לנתונים הקיימים במרשמים אחרים בשע"מ במקרים בהם במרשמים בשע"מ קיימים נתונים שונים מאלה המוצהרים ע"י הנישום, לדוגמה :מקום עבודה נוסף ,הכנסות ריבית ,פיצויים מקרן הפיצויים לפי חוק מס רכוש ,יש לברר עם הנישום או מייצגו את הסיבות 📄 ניתוב שלב א ושינויים בשידור דוחות ושומות יחידים וחברות לשנת המס 2024 (הו"ב מ"ה 7/25) ציטוט ▲ במקרים בהם מדובר בבקשת הסברים והבהרות ביחס לנתונים שנרשמו בדוח ,לדוגמא כאשר המחזור המדווח בדוח שונה מהמחזור שדווח למע"מ או שיש פער במענקים המדווחים ,אין הצדקה לרישום הנמקה 75 הואיל ולא מדובר במסמך חסר .יש לברר עם הנישום או מייצגו את הסיבות לחוסר ההתאמה ולנהל מעקב אחר התשובות .יובהר ,כי אין לתקן את המוצהר אלא במקרה של קבלת הסכמה של הנישום או מייצגו לתיקון .יש לערוך תרשומת מהשיחה ולתייקה בתיק הנישום יחד עם הדוח .במקרים בהם לא סופקו הסברים לאי ההתאמה וכן לא ניתנה הסכמה לתיקון הדוחות או לא נוצר קשר עם הנישום ,יש לשקול העברת התיק לטיפול שומתי. ניתן להפיק רשימות עבודה ולעקוב אחר דוחות בהם נרשמה | F16: =F15 -> #REF! | G16: תשובת זהב של מיסוי און ליין תוקנה בעזרת claude: א) הוספת מסלול ההתייעצות המחייב עם החטיבה המקצועית ודרישת ההבהרה המפורשת מרואה החשבון המייצג לגבי היקף ההגבלה בפועל - כשלבי ביניים חובה במקרה של "הסתייגות רחבה" או במצב שבו לא ברור אם מדובר בהימנעות מובהקת - לפני כל קביעה של הנמקה 77. ב) ריכוך המסקנה האופרטיבית (שהוצגה במקור בביטחון-יתר כ"נטייה לראות בכך ליקוי מהותי המצדיק הנמקה 77") להכרעה מותנית: כל עוד לא נמסר נוסח חוות הדעת המדויק, אין להכריע ישירות לכיוון הנמקה 77 אלא להפעיל תחילה את מסלול ההבהרה/ההתייעצות שתואר. | H16: ציון 5 - מבוססת על מקורות נכונים, ומזהה נכון את שלל הרבדים הרלוונטיים (מהות/הכרעה/השלכות) – אך המסקנה המרכזית מוצגת בביטחון-יתר שאינו נתמך במלואו במקורות המצוטטים, תוך טשטוש ההבחנה הקריטית בין "הימנעות מחוות דעת" (המובילה ישירות להנמקה 77) לבין "הסתייגות רחבה" (המחייבת התייעצות עם החטיבה המק | I16: תקציר מנהלים כן, ניתן לשדר הנמקה 77, אם מחוות הדעת ומהביאור המצורף עולה כי מבחינה מהותית רואה החשבון לא חיווה דעה על הדוחות בכללותם, או שהביקורת לא בוצעה לגבי חלקים מהותיים של הדוח. עם זאת, עצם קיומה של חוות דעת חלקית אינו יוצר אוטומטית דוח סתמי; יש לבחון אם מדובר למעשה בהימנעות מחוות דעת ואם ההגבלה נוגעת לפריטים מהותיים המשפיעים על ההכנסה החייבת. השאלה המשפטית האם דוח כספי שהוגש לפקיד השומה בצירוף חוות דעת חלקית, המפנה לביאור שממנו עולה כי חלקים גדולים מהדוח לא בוקרו, הוא דוח סתמי המצדיק שידור הנמקה 77, ומהם הצעדים וההשלכות האופרטיביות? המסגרת לפי הוראות הביצוע הוראת ביצוע מס הכנסה 4/2018 מבחינה בין חוות דעת עם הסתייגות או אי־הסכמה לבין הימנעות מחוות דעת. לפי ההוראה, הימנעות מתקיימת, בין היתר, כאשר ההגבלה בביקורת היא מהותית עד כדי כך שרואה החשבון אינו יכול לחוות דעה על הדוחות הכספיים: “הימנעות מחוות הדעת מבקר ימנע ממתן חוות דעת בהתקיים אחד מהבאים: ... כשההשפעה האפשרית של ההגבלה בביקורת, היא מהותית עד כדי כך שהמבקר אינו יכול לחוות דעה על הדוחות הכספיים.” 📄 דוחות חבר בני אדם שהוגשו ללא חוות דעת או עם חוות דעת הסוטה מהנוסח האחיד (חוות דעת לא "חלקה") (הוראת ביצוע מס הכנסה מספר 4/2018)ציטוט ▼ ההוראה קובעת במפורש כי דוח של חבר בני אדם הכולל דוחות כספיים ללא דוח רואה חשבון מבקר אינו נחשב דוח לפי סעיף 131 לפקודה. עוד נקבע בה כי יש לפעול באופן דומה כאשר חוות הדעת אינה מאפשרת לראות בדוח דוח מאושר: “על כן יש לפעול בנוגע לדוח כזה, באופן דומה לדוח כספי שהוגש ללא דוח רואה חשבון מבקר... יש להודיע לחברה כי לא יראו בדוח שהוגש דוח לפי סעיף 131 לפקודה. יש לשדר דוח כאמור תחת הנמקה 77.” 📄 דוחות חבר בני אדם שהוגשו ללא חוות דעת או עם חוות דעת הסוטה מהנוסח האחיד (חוות דעת לא "חלקה") (הוראת ביצוע מס הכנסה מספר 4/2018)ציטוט ▼ הוראת הביצוע העדכנית יותר שאותרה בעניין ניתוב דוחות לשנת המס 2024 מתייחסת גם לדוח כספי ללא חוות דעת רואה חשבון כחסר מהותי: “במקרים שבו הדוח הוגש כשלא צורפו אליו מסמכים מהותיים, כגון: מאזן או דוח רווח והפסד או דוח התאמה או שהדוח הכספי הוא ללא חוות דעת רואה חשבון וכיוצ"ב, חסר העולה כדי קביעה לפי סעיף (131 ו) לפקודה לפיה רואים את הנישום כמי שלא הגיש דוח...” 📄 ניתוב שלב א ושינויים בשידור דוחות ושומות יחידים וחברות לשנת המס 2024 (הו"ב מ"ה 7/25)ציטוט ▼ אותה הוראה מציגה את הנמקה 77 כחלק מטבלת מצבי הדוח ומבהירה כי היא מחייבת מכתב ממערכת מסמכים חסרים: “דוח סתמי ... 77 ... חייב במכתב ממערכת מסמכים חסרים.” 📄 ניתוב שלב א ושינויים בשידור דוחות ושומות יחידים וחברות לשנת המס 2024 (הו"ב מ"ה 7/25)ציטוט ▼ ניתוח משפטי 1. מהות חוות הדעת חשובה יותר מהכותרת שלה הבחינה אינה צריכה להסתפק בכותרת הפורמלית של חוות הדעת — למשל “חוות דעת מסויגת” או “חוות דעת חלקית” — אלא במשמעות המעשית של האמור בה ובביאורים. אם הביאור מלמד כי: רואה החשבון לא בדק חלקים נרחבים מהפעילות; לא היו בידיו ראיות ביקורת מספיקות; הוא אינו יכול לחוות דעה על נתונים מהותיים; או שההגבלה חלה על סעיפים מרכזיים בדוחות הכספיים, אזי יש בסיס לראות בחוות הדעת, מבחינה מהותית, הימנעות מחוות דעת ולא חוות דעת רגילה הכוללת הסתייגות מוגבלת. הוראת ביצוע 4/2018 מבהירה כי כאשר מדובר בהימנעות, והדוח אינו יכול להיחשב מאושר, יש לטפל בו בדומה לדוח שהוגש ללא דוח רואה חשבון מבקר, לרבות שימוש בהנמקה 77 📄 דוחות חבר בני אדם שהוגשו ללא חוות דעת או עם חוות דעת הסוטה מהנוסח האחיד (חוות דעת לא "חלקה") (הוראת ביצוע מס הכנסה מספר 4/2018)ציטוט ▼. 2. אין לקבוע הנמקה 77 באופן אוטומטי בכל חוות דעת שאינה “חלקה” הוראת הביצוע אינה קובעת שכל סטייה מנוסח חוות הדעת האחיד הופכת את הדוח לדוח סתמי. היא כוללת חריג חשוב: “במקרים חריגים בהם רואה החשבון המבקר יצהיר כי ההימנעות נבעה מהגבלה בביקורת על סעיפים בדוחות הכספיים, שאינם משפיעים על הכנסתה החייבת של הישות, וכן שאר הסעיפים בדוחות הכספיים בוקרו על ידו, יש לקלוט את דוחותיה של הישות.” 📄 דוחות חבר בני אדם שהוגשו ללא חוות דעת או עם חוות דעת הסוטה מהנוסח האחיד (חוות דעת לא "חלקה") (הו"ב מ"ה 4/2018)ציטוט ▼ מכאן עולה מבחן תפעולי מצטבר: ההימנעות נובעת מהגבלה בביקורת; ההגבלה מתייחסת לסעיפים שאינם משפיעים על ההכנסה החייבת; יתר סעיפי הדוחות הכספיים אכן בוקרו. אם אחד מתנאים אלה אינו מתקיים — ובמיוחד אם הביאור מצביע על כך שחלקים גדולים מהדוח לא בוקרו — אין תחולה ברורה לחריג, ויש בסיס לשקול את הדוח כדוח סתמי. 3. יישום לנסיבות שתוארו על בסיס התיאור בלבד, המסקנה האופרטיבית היא: אם הביאור רק מציין הסתייגות נקודתית, כאשר יתר הדוח בוקר, וההסתייגות אינה נוגעת להכנסה החייבת — אין לשדר 77 באופן אוטומטי. יש לבחון קליטת הדוח ואף את האפשרות להעבירו לטיפול שומתי. אם הביאור מציין שחלקים גדולים מהדוח לא בוקרו, או שחוות הדעת אינה מאפשרת לרואה החשבון לחוות דעה על הדוחות בכללותם — ניתן לראות בדוח, מבחינה מהותית, דוח שאינו מאושר ולשדר הנמקה 77. אם החלקים שלא בוקרו נוגעים להכנסות, להוצאות, למלאי, לחייבים, להתחייבויות או לנתונים אחרים המשפיעים על ההכנסה החייבת — החריג שבהוראת הביצוע אינו מתקיים על פני הדברים. לכן, במקרה המתואר, שבו הביאור מגלה כי חלקים גדולים מהדוח לא בוקרו, הנטייה לפי הוראות הביצוע היא לראות בכך ליקוי מהותי המצדיק שימוש בהנמקה 77, בכפוף לבדיקה שהביאור אכן משקף הימנעות או אי־חיווי דעה מהותי ולא הסתייגות מצומצמת. 4. ההכרעה האופרטיבית הנדרשת הטיפול המומלץ לפי הוראות הביצוע הוא: לתעד את בדיקת חוות הדעת והביאור, ובפרט את הסעיפים שלא בוקרו ואת הקשר שלהם להכנסה החייבת. לשלוח לנישום או לחברה הודעה בדבר החסר ולדרוש השלמת המסמכים או הגשת דוח רואה חשבון מבקר מתאים. לשדר את הדוח בהנמקה 77 באמצעות מערכת מסמכים חסרים, אם המסקנה היא שמדובר בדוח שאינו מאושר או בדוח סתמי. אם הוגש דוח רואה חשבון מתאים — לבחון מחדש את קליטת הדוח ולסגור את הפנייה במערכת מסמכים חסרים. בהוראת הביצוע לשנת המס 2024 נקבע: “סגירת הפניה במערכת מסמכים חסרים עם קבלת תשובה מספקת מהנישום, כגון: השלמת המסמך החסר, יש להקפיד על סגירת הפנייה במערכת מסמכים חסרים.” 📄 ניתוב שלב א ושינויים בשידור דוחות ושומות יחידים וחברות לשנת המס 2024 (הו"ב מ"ה 7/25)ציטוט ▼ בהוראת ביצוע 4/2018 נקבע, ביחס לדוח ללא דוח רואה חשבון מבקר או לדוח שאינו עומד בדרישה המהותית, כי אם לאחר הדרישה לא מוגש דוח מתאים, ניתן לבטל את שידור הדוח וליישם את הקביעה שהנישום לא הגיש דוח: “אם תוך 14 יום לא מוגש דוח רואה חשבון מבקר, יש לבטל שידור הדוח על פי החלטת הרכז באמצעות שאילתא ISIF וכן אישור הגשת דוח בהתאם לאמור בסעיף (131 ו) לפקודה.” 📄 דוחות חבר בני אדם שהוגשו ללא חוות דעת או עם חוות דעת הסוטה מהנוסח האחיד (חוות דעת לא "חלקה") (הוראת ביצוע מס הכנסה מספר 4/2018)ציטוט ▼ עם זאת, בהוראות ניתוב אחרות שאותרו נקבע פרק זמן של 30 יום להמצאת המסמכים החסרים: “אם המסמכים החסרים לא יומצאו תוך 30 יום, יש ליישם את הקביעה לפי סעיף (131 ו) לפקודה וזאת על פי החלטת הרכז...” 📄 ניתוב שלב א ושינויים בשידור דוחות ושומות יחידים וחברות לשנת המס 2022 (הו"ב 03/2023)ציטוט ▼ לפיכך, על סמך מאגרי מיסים אונליין קיימת אי־אחידות בין הוראת הביצוע הספציפית משנת 2018 לבין הוראת הניתוב המאוחרת יותר לעניין משך הזמן. יש לפעול לפי המועד הקבוע בהוראה המחייבת את שנת המס ואת סוג ההליך הרלוונטיים. השלכות ישירות של הנמקה 77 לשידור הנמקה 77 יש את ההשלכות הבאות לפי הוראות הביצוע: הדוח אינו נחשב דוח שהוגש לצורך הוראות המס הרלוונטיות, כל עוד לא הושלם החסר; ניתן לבטל את שידור הדוח לאחר אי־המצאת דוח רואה חשבון מבקר מתאים; ניתן לפעול לקביעה בהיעדר דוח, בהתאם להחלטת הרכז; הדוח אינו נלקח בחשבון במניין הדוחות שהוגשו לצורך חישוב אחוז ההגשה במסגרת נוהלי הארכות 📄 נוהל מתן ארכות להגשת דוחות מס הכנסה לשנת המס 2015 (הו"ב מ"ה 6/2016)ציטוט ▼; אין להשתמש בהנמקה 77 כתחליף לבדיקת תוכן חוות הדעת; יש לבסס את ההחלטה על מהות ההגבלה והיקף החלקים שלא בוקרו. מסקנה והמלצות בנסיבות המתוארות, ניתן לשדר הנמקה 77, אם הביאור אכן מלמד כי חלקים מהותיים מהדוחות לא בוקרו וכי רואה החשבון למעשה אינו יכול לחוות דעה על הדוחות בכללותם. הפעולה המעשית היא לתעד את היקף ההגבלה, לשלוח דרישה באמצעות מערכת מסמכים חסרים, לשדר 77, ולאפשר לנישום להשלים את החסר בתוך המועד שנקבע בהוראה החלה. אם לא תוגש חוות דעת מתאימה במועד — ניתן לשקול ביטול שידור הדוח והמשך טיפול כדוח שלא הוגש, בהתאם להחלטת הרכז. הערות וסייגים ההכרעה תלויה בנוסח המדויק של חוות הדעת והביאור. על סמך מאגרי מיסים אונליין לא ניתן לקבוע אם במקרה הקונקרטי מדובר בהסתייגות מוגבלת או בהימנעות מהותית, משום שנוסח חוות הדעת עצמו לא צורף. כמו כן, הוראות הביצוע שאותרו מציינות מועדים שונים להשלמת החסר; לכן יש לוודא מהי ההוראה החלה על שנת המס ועל סוג הנישום הספציפיים. | J16: דוחות חבר בני אדם שהוגשו ללא חוות דעת או עם חוות דעת הסוטה מהנוסח האחיד (חוות דעת לא "חלקה") (הו"ב מ"ה 4/2018) ציטוט ▲ המבקר הוא הגורם שנקבע בדין הכללי ובחקיקת המס כמי שמקיים לגבי הדוחות הכספיים הליכי ביקורת, הליכים שנקבעו בדין ובכללים. הליכי ביקורת וחוות דעת המבקר נועדו להבטיח את נאותות הדוחות הכספיים, שעליהם מתבסס פקיד השומה בעת ביצוע סמכויותיו בשומה. מכאן עולה כי לחוות דעת רואה חשבון על הדוח המוגש לפקיד השומה, עשויות להיות השלכות גם לעניין ההכנסה החייבת. לאור העובדה שהמונח דוח מאושר בידי רואה חשבון לא הוגדר בפקודת מס הכנסה , עולה השאלה האם דוח הכולל דוח רואה חשבון מבקר הסוטה מהנוסח האחיד, ייחשב לדוח מאושר בידי רואה חשבון לעניין הוראות סעיף 131 לפקודה. 1.5 מטרת הוראת ביצוע זו הינה לקבוע הנחיות בדבר האופן בו 📄 דוחות חבר בני אדם שהוגשו ללא חוות דעת או עם חוות דעת הסוטה מהנוסח האחיד (חוות דעת לא "חלקה") (הוראת ביצוע מס הכנסה מספר 4/2018) ציטוט ▲ ו"ח לתת ,עדיין הוא נדרש לאשר במילה" ביקרנו "את עובדת 10 קיומה של ביקורת חשבונות שבוצעה בפועל .בנוסף ,גילוי דעת זה ,בסעיף 22.6.3קובע" :בפסקה שתבוא במקום פסקת חוות הדעת יציין המבקר במפורש כי ,בשל ההשפעה המהותית האפשרית על הדוחות הכספיים עקב הנסיבות או הפרטים המתוארים בפסקת הביניים ,אין הוא מחווה דעה על הדוחות הכספיים...."משכך אין המדובר בדוחות מאושרים .תמים דעים אני עם עמדה זו שנוקט המשיב .גם אם נופלת המבקשת בתוך הקטגוריה של סעיף(131 ב )3()הרי שאין היא מקיימת את הוראות סעיף(131 ג )באשר לחובת הגשת דו"ח מאושר." על כן יש לפעול בנוגע לדוח כזה ,באופן דומה לדוח כספי שהוגש ללא דוח רואה חשבון מבקר 📄 נוהל מתן ארכות להגשת דוחות מס הכנסה לשנת המס 2015 (הו"ב מ"ה 6/2016) ציטוט ▲ 10.2.3 הטיפול בפניות לעניין דוחות 0 במקרים חריגים בהם דוחות לא נלקחו בחשבון במניין הדוחות שהוגשו והמייצג סבור שיש מקום לכלול אתם ככאלה, ניתן לפנות לחטיבת שירות לקוחות - מחלקת שירות ישיר -מרשם המייצגים בהתאם למספרי הטלפון הרשומים בסעיף 13.4 להוראה. לדוגמא במקרים בהם : · דוחות בהם קיימים נכסים והתחייבויות במאזן וכו'. · דוחות שיוגשו בתיקים שהמייצג/נישום הגיש, למשרד השומה בקשה לסגירת התיק (על גבי טופס 2550) ומסיבות שאינן תלויות בו משרד השומה לא סיווג את התיק כבלתי פעיל. 10.3 דוחות ששודרו בסמל הנמקה 75 או 77 10.3.1 גם בשנה זו ,דוחות שאינם מלאים אליהם לא צורפו כל המסמכים הנדרשים (לרבות שידור והגשת 📄 ניתוב שלב א ושינויים בשידור דוחות ושומות יחידים וחברות לשנת המס 2022 (הו"ב 03/2023) ציטוט ▲ 41 בנסיבות אלו יש לשדר קוד הנמקה 77 ולדרוש מהנישום השלמת המסמכים החסרים למסמך שהגיש על מנת שיחשב כדוח שהוגש. יובהר ,כי המערכת לא תאפשר לשדר את קוד הנמקה( 77 דוח סתמי ,)אם לא נשלח מכתב ממערכת מסמכים חסרים. אם המסמכים החסרים לא יומצאו תוך 30 יום ,יש ליישם את הקביעה לפי סעיף(131 ו )לפקודה וזאת על פי החלטת הרכז באמצאות שאילתא.ISIF 8.9.7אי התאמה בין הנתונים שדווחו בדוח השנתי לנתונים הקיימים במרשמים אחרים בשע"מ במקרים בהם במרשמים בשע"מ קיימים נתונים שונים מאלה המוצהרים ע"י הנישום, לדוגמה :מקום עבודה נוסף ,הכנסות ריבית ,פיצויים מקרן הפיצויים לפי חוק מס רכוש ,יש לברר עם הנישום או מייצגו את הסיבות 📄 ניתוב שלב א ושינויים בשידור דוחות ושומות יחידים וחברות לשנת המס 2024 (הו"ב מ"ה 7/25) ציטוט ▲ במקרים בהם מדובר בבקשת הסברים והבהרות ביחס לנתונים שנרשמו בדוח ,לדוגמא כאשר המחזור המדווח בדוח שונה מהמחזור שדווח למע"מ או שיש פער במענקים המדווחים ,אין הצדקה לרישום הנמקה 75 הואיל ולא מדובר במסמך חסר .יש לברר עם הנישום או מייצגו את הסיבות לחוסר ההתאמה ולנהל מעקב אחר התשובות .יובהר ,כי אין לתקן את המוצהר אלא במקרה של קבלת הסכמה של הנישום או מייצגו לתיקון .יש לערוך תרשומת מהשיחה ולתייקה בתיק הנישום יחד עם הדוח .במקרים בהם לא סופקו הסברים לאי ההתאמה וכן לא ניתנה הסכמה לתיקון הדוחות או לא נוצר קשר עם הנישום ,יש לשקול העברת התיק לטיפול שומתי. ניתן להפיק רשימות עבודה ולעקוב אחר דוחות בהם נרשמה | K16: כן, ניתן לראות בדוח כספי שהוגש עם חוות דעת חלקית המפנה לביאור שממנו עולה כי חלקים גדולים מהדוח לא בוקרו, כ'דוח סתמי' ולהזין 'הנמקה 77', או לטפל בו באופן דומה המוביל לאותן השלכות. זאת בהתבסס על הוראות הביצוע של רשות המסים: **1. בחינת מהות הדוח:** * **תכלית הדוח וחוות הדעת:** סעיף 131 לפקודת מס הכנסה קובע את הדוח השנתי כאבן הפינה במערכת היחסים בין הנישום לרשויות המס, כאשר חוות דעת רואה החשבון המבקר נועדה להבטיח את נאותות הדוחות הכספיים שעליהם מתבסס פקיד השומה (הוראת ביצוע 4/2018, סעיף 1.4, Chunk 4, 6). דוח חסר, שאין בו את המסמכים הנדרשים, אינו נחשב לדוח (Chunk 4). * **דוח עם חוות דעת חלקית/מסויגת באופן רחב:** כאשר חוות הדעת חלקית ומצביעה על אי-ביקורת של חלקים מהותיים מהדוח (כגון מרבית ההכנסות ו/או ההוצאות), הדבר פוגע באופן מהותי ביכולתו של הדוח לשמש כאבן הפינה לטיפול השומתי. במקרה כזה, הדוח אינו מספק את המידע הנחוץ לפקיד השומה לצורך בדיקת ההכנסה והוצאת שומה מבוססת (הוראת ביצוע 4/2018, סעיף 3.2.2, Chunk 1). **2. הכרעה אופרטיבית:** * **הנמקה 77 - דוח סתמי:** הוראות ביצוע שונות (05/2024, 03/2023, 07/2025) קובעות כי במקרים שבהם הדוח הוגש כשלא צורפו אליו מסמכים מהותיים, כגון דוח כספי ללא חוות דעת רואה חשבון, חסר זה עולה כדי קביעה לפי סעיף 131(ו) לפקודה, לפיה רואים את הנישום כמי שלא הגיש דוח. בנסיבות אלו יש לשדר קוד הנמקה 77 (דוח סתמי) (Chunk 0, 2, 5). * **הסתייגות רחבה:** הוראת ביצוע 4/2018 (סעיף 3.2.2) מתייחסת למקרה של דוח כספי עם חוות דעת רואה חשבון מבקר הכוללת *הסתייגות רחבה* בגין אי-ביקורת של מרבית ההכנסות ו/או ההוצאות, וקובעת כי אם פקיד השומה סבור שאין לקלוט את הדוחות האמורים, עליו לפנות לחטיבה המקצועית לצורך התייעצות (Chunk 1). אף על פי שאינה מציינת במפורש הנמקה 77 במקרה זה, מהות הבעיה דומה לחוסר מהותי המונע את קליטת הדוח. * **הימנעות מחוות דעת:** הוראת ביצוע 4/2018 (סעיף 3.2.3) קובעת במפורש כי דוח עם *הימנעות מחוות דעת* אינו נחשב לדוח לפי סעיף 131 לפקודה, ויוביל לשידור עם הנמקה 77 (Chunk 1). מצב של אי-ביקורת חלקים גדולים מהדוח קרוב במהותו להימנעות מחוות דעת לגבי אותם חלקים, ולכן הטיפול צפוי להיות דומה. **3. השלכות ישירות:** * **הזנת הנמקה 77:** המערכת תאפשר לשדר קוד הנמקה 77 (דוח סתמי) לאחר שנשלח מכתב ממערכת מסמכים חסרים (Chunk 0, 2, 5). * **דרישה להשלמת מסמכים:** יידרש מהנישום להשלים את המסמכים החסרים (כלומר, להגיש דוח עם חוות דעת תקינה או להשלים את הביקורת) על מנת שהמסמך שהוגש ייחשב כדוח (Chunk 0, 2, 5). * **החלת סעיף 131(ו):** אם המסמכים החסרים לא יומצאו תוך 30 יום, יש ליישם את הקביעה לפי סעיף 131(ו) לפקודה, לפיה רואים את הנישום כמי שלא הגיש דוח. הדבר יכול להוביל להוצאת שומה בהיעדר דוח (שומה 04) ובחינת סנקציות (Chunk 0, 1, 2, 5). **4. ביסוס וציטוטים:** * הוראת ביצוע מס הכנסה מספר 05/2024 – ניתוב שלב א ושינויים בשידור דוחות ושומות יחידים וחברות לשנת המס 2023, סעיף "דוח שהוגש וחסרים בו מסמכים מהותיים-(הנמקה 77)" (Chunk 0). * הוראת ביצוע מס הכנסה מספר 4/2018 – דוחות חבר בני אדם שהוגשו ללא חוות דעת או עם חוות דעת הסוטה מהנוסח האחיד (חוות דעת "לא חלקה"), סעיפים 1.4, 3.2.2, 3.2.3 (Chunk 1, 3, 4, 6). * הוראת ביצוע מס הכנסה מספר 03/2023 – ניתוב שלב א ושינויים בשידור דוחות ושומות יחידים וחברות לשנת המס 2022, סעיף "דוח שהוגש וחסרים בו מסמכים מהותיים-(הנמקה 77)" (Chunk 2). * הוראת ביצוע מס הכנסה מספר 07/2025 – ניתוב שלב א ושינויים בשידור דוחות ושומות יחידים וחברות לשנת המס 2024, סעיף "דוח שהוגש וחסרים בו מסמכים מהותיים-(הנמקה 77)" (Chunk 5). | L16: הוראת ביצוע מס הכנסה מספר 05_2024 - ניתוב שלב א ושינויים בשידור דוחות ושומות יחידים וחברות לשנת המס 2023.pdf 493-הוראת ביצוע 4.2018 בנושא דוחות חבר בני אדם שהוגשו ללא חוות דעת או עם חוות דעת הסוטה מהנוסח האחיד (חוות דעת לא חלקה).pdf 598-הוראת ביצוע ניתוב שלב א 2022 לאחר סבב.pdf 30-הוראת ביצוע 7.2025 מעודכנת לפרסום ניתוב שלב א לשנת 2024_100425 -_ (003).pdf הוראת ביצוע מס הכנסה מספר 4_2018 – רשות המסים בנושא_ דוחות חבר בני אדם שהוגשו ללא חוות דעת או עם חוות דעת הסוטה מהנוסח ה.pdf | M16: ='תגובות לטופס 6 תום'!Z2 -> שגויה | N16: ='תגובות לטופס 6 תום'!AA2 -> 4 | O16: ='תגובות לטופס 6 תום'!AB2 -> לדעתי התשובה אינה מדויקת - במקרה של הימנעות, אני חושב שאין לקלוט את הדוח. | P16: ='תגובות לטופס 6 תום'!AC2 -> 4 | Q16: ='תגובות לטופס 6 תום'!AD2 | R16: ='תגובות לטופס 6 תום'!AE2 -> 10 | S16: ='תגובות לטופס 6 תום'!AF2 | T16: ='תגובות לטופס 6 תום'!AG2 -> 4 | ... X16: ='תגובות לטופס 6 תום'!AK2
A17: M06-Q04 | B17: תום גרנר חלף | C17: אני מטפל בתיק של נישום המחזיק בזכויות בשותפות נפט. הנישום מבקש כעת לתקן שומה לשנה שכבר התיישנה, בנימוק שתעודת המס של השותפות פורסמה והתקבלה אצלו רק עכשיו. האם עיכוב אובייקטיבי בפרסום תעודת המס מצד השותפות מהווה עילה מספקת לפתיחת השומה הסגורה? אילו סימוכין/מסמכים עליי לבקש? | D17: כן, עיכוב אובייקטיבי בפרסום תעודת המס מצד שותפות נפט יכול להוות עילה מספקת לפתיחת שומה שהתיישנה. הוראת ביצוע רשות המיסים מספר 06/2026 קובעת כי פרסום תעודת מס עשוי להתבצע לאחר שהוגש הדוח השנתי ואף לאחר שחלף מועד ההתיישנות של אותו הדוח (סעיף 1.7). במקרים אלו, בקשה לתיקון דוח בשל פרסום תעודת מס ניתן להגיש עד המאוחר מבין מועד ההתיישנות שחל על הדוח כקבוע בסעיפים 145 ו-152 לפקודה, או 120 יום ממועד פרסום תעודת המס (סעיף 2.1.1). הסימוכין/מסמכים שעליך לבקש הם תעודת המס הסופית או הזמנית שפורסמה על ידי שותפות הנפט, שכן היא מהווה את הבסיס לבקשת תיקון הדוח (סעיף 1.6). | E17: הוראת ביצוע רשות המסים מספר 2026_ 06 - בנושא_ טיפול בבקשות לתיקוני שומה בידי מחזיקי יחידות השתתפות של שותפויות לחיפושי .pdf | F17: =F16 -> #REF! | H17: ציון 10 | K17: כן, עיכוב אובייקטיבי בפרסום תעודת המס מצד שותפות נפט יכול להוות עילה מספקת לפתיחת שומה שהתיישנה. הוראת ביצוע רשות המיסים מספר 06/2026 קובעת כי פרסום תעודת מס עשוי להתבצע לאחר שהוגש הדוח השנתי ואף לאחר שחלף מועד ההתיישנות של אותו הדוח (סעיף 1.7). במקרים אלו, בקשה לתיקון דוח בשל פרסום תעודת מס ניתן להגיש עד המאוחר מבין מועד ההתיישנות שחל על הדוח כקבוע בסעיפים 145 ו-152 לפקודה, או 120 יום ממועד פרסום תעודת המס (סעיף 2.1.1). הסימוכין/מסמכים שעליך לבקש הם תעודת המס הסופית או הזמנית שפורסמה על ידי שותפות הנפט, שכן היא מהווה את הבסיס לבקשת תיקון הדוח (סעיף 1.6). | L17: הוראת ביצוע רשות המסים מספר 2026_ 06 - בנושא_ טיפול בבקשות לתיקוני שומה בידי מחזיקי יחידות השתתפות של שותפויות לחיפושי .pdf | M17: ='תגובות לטופס 6 תום'!AL2 -> נכונה | N17: ='תגובות לטופס 6 תום'!AM2 -> 10 | O17: ='תגובות לטופס 6 תום'!AN2 | P17: ='תגובות לטופס 6 תום'!AO2 -> 10 | Q17: ='תגובות לטופס 6 תום'!AP2 | R17: ='תגובות לטופס 6 תום'!AQ2 -> 10 | S17: ='תגובות לטופס 6 תום'!AR2 | T17: ='תגובות לטופס 6 תום'!AS2 -> 10 | ... X17: ='תגובות לטופס 6 תום'!AW2
A18: M06-Q05 | B18: תום גרנר חלף | C18: כיצד יש לטפל בבקשת נישום לדווח במסלול שוכר-משכיר (10% מס) כאשר אין בידיו חוזה שכירות חתום כדין? האם קיימת פרקטיקה המאפשרת אסמכתאות חלופיות (דפי בנק, תצהיר, חשבונות רשות מקומית)? | D18: כאשר נישום מבקש לדווח במסלול שוכר-משכיר (10% מס) ואין בידיו חוזה שכירות חתום כדין, קיימות שתי חלופות עיקריות: הגשת תצהיר חתום בפני עורך דין מטעם המשכיר, או הגשת הצהרה מטעם המייצג (בשם הלקוח/המשכיר). על התצהיר או ההצהרה לכלול את הפרטים הבאים: פרטי הנכס המושכר, פרטי המשכיר והשוכר, תקופת השכירות המדוברת וגובה שכר הדירה החודשי. הנחיה זו נועדה להקל על תהליך הדיווח במקרים של קושי טכני בהצגת החוזה המקורי, תוך שמירה על רמת הפירוט הנדרשת לצורכי המס. האסמכתאות החלופיות המצוינות הן תצהיר או הצהרה, ולא מוזכרות דפי בנק או חשבונות רשות מקומית כחלופה לחוזה עצמו. | E18: תוספת 1 להוראת ביצוע 5_2026 מערכת מקוונת לדיווח ותשלום מס על הכנסות מהשכרת נכסים בישראל.pdf הוראת ביצוע מס הכנסה מספר 5_2026 - רשות המסים בנושא_ מערכת מקוונת לדיווח ותשלום מס על הכנסות מהשכרת נכסים בישראל.pdf | F18: =F17 -> #REF! | H18: ציון 10 | K18: כאשר נישום מבקש לדווח במסלול שוכר-משכיר (10% מס) ואין בידיו חוזה שכירות חתום כדין, קיימות שתי חלופות עיקריות: הגשת תצהיר חתום בפני עורך דין מטעם המשכיר, או הגשת הצהרה מטעם המייצג (בשם הלקוח/המשכיר). על התצהיר או ההצהרה לכלול את הפרטים הבאים: פרטי הנכס המושכר, פרטי המשכיר והשוכר, תקופת השכירות המדוברת וגובה שכר הדירה החודשי. הנחיה זו נועדה להקל על תהליך הדיווח במקרים של קושי טכני בהצגת החוזה המקורי, תוך שמירה על רמת הפירוט הנדרשת לצורכי המס. האסמכתאות החלופיות המצוינות הן תצהיר או הצהרה, ולא מוזכרות דפי בנק או חשבונות רשות מקומית כחלופה לחוזה עצמו. | L18: תוספת 1 להוראת ביצוע 5_2026 מערכת מקוונת לדיווח ותשלום מס על הכנסות מהשכרת נכסים בישראל.pdf הוראת ביצוע מס הכנסה מספר 5_2026 - רשות המסים בנושא_ מערכת מקוונת לדיווח ותשלום מס על הכנסות מהשכרת נכסים בישראל.pdf | M18: ='תגובות לטופס 6 תום'!AX2 -> נכונה | N18: ='תגובות לטופס 6 תום'!AY2 -> 10 | O18: ='תגובות לטופס 6 תום'!AZ2 | P18: ='תגובות לטופס 6 תום'!BA2 -> 10 | Q18: ='תגובות לטופס 6 תום'!BB2 | R18: ='תגובות לטופס 6 תום'!BC2 -> 10 | S18: ='תגובות לטופס 6 תום'!BD2 | T18: ='תגובות לטופס 6 תום'!BE2 -> 10 | ... X18: ='תגובות לטופס 6 תום'!BI2
A19: M08-Q01 | B19: מיכאל | C19: איך להנפיק אישור לפי סעיף 50 לשותפות? | D19: הנפקת אישור לפי סעיף 50 לשותפות תלויה בסוג השותפות: * **לשותפות רשומה:** כל שותף בשותפות נדרש להגיש בקשה נפרדת לפקיד השומה שבו מתנהל תיק השותף. פקיד השומה יבדוק אם השותף עומד בכל התנאים לקבלת האישור (כולל דרישת ערובה לפי חלקו). רק אם כל התנאים מתקיימים, יינתן אישור ידני לכל שותף בנפרד. את האישורים הידניים הללו יעבירו הנישומים למיסוי מקרקעין על מנת שהשותפות הרשומה תקבל את הפטור הממוחשב בעסקת המקרקעין. חשוב לציין שאם לאחד השותפים לא ניתן אישור, השותפות הרשומה לא תוכל לקבל פטור על השבח. * **לשותפות שאינה רשומה:** העסקה מדווחת על שם כל שותף בנפרד לפי חלקו. במקרה זה, ניתן לתת אישור באמצעות שאילתה 9050 עבור כל אחד מהשותפים בנפרד, ללא צורך במתן אישור ידני. בנוסף, על מנת לקבל אישור לפרויקט בליווי בנקאי עבור כל אחד מהשותפים, יש לקבל הוראה בלתי חוזרת חתומה על ידי השותפות. | E19: הוראת ביצוע מס הכנסה מספר 8_2021 בנושא_ סוגי אישורים, ערובות והקפאות חוב מס שבח במתן אישור לפי סעיף 50 לחוק מיסוי מקרקעי.pdf 397-סוגי אישורים ערובות והקפאות חוב מס שבח במתן אישור לפי סעיף 50 לחוק מיסוי מקרקעין.pdf | F19: ='תגובות לטופס 8 מיכאל'!A2 -> 8/20/2026 11:34:01 | H19: ציון 10 | K19: הנפקת אישור לפי סעיף 50 לשותפות תלויה בסוג השותפות: * **לשותפות רשומה:** כל שותף בשותפות נדרש להגיש בקשה נפרדת לפקיד השומה שבו מתנהל תיק השותף. פקיד השומה יבדוק אם השותף עומד בכל התנאים לקבלת האישור (כולל דרישת ערובה לפי חלקו). רק אם כל התנאים מתקיימים, יינתן אישור ידני לכל שותף בנפרד. את האישורים הידניים הללו יעבירו הנישומים למיסוי מקרקעין על מנת שהשותפות הרשומה תקבל את הפטור הממוחשב בעסקת המקרקעין. חשוב לציין שאם לאחד השותפים לא ניתן אישור, השותפות הרשומה לא תוכל לקבל פטור על השבח. * **לשותפות שאינה רשומה:** העסקה מדווחת על שם כל שותף בנפרד לפי חלקו. במקרה זה, ניתן לתת אישור באמצעות שאילתה 9050 עבור כל אחד מהשותפים בנפרד, ללא צורך במתן אישור ידני. בנוסף, על מנת לקבל אישור לפרויקט בליווי בנקאי עבור כל אחד מהשותפים, יש לקבל הוראה בלתי חוזרת חתומה על ידי השותפות. | L19: הוראת ביצוע מס הכנסה מספר 8_2021 בנושא_ סוגי אישורים, ערובות והקפאות חוב מס שבח במתן אישור לפי סעיף 50 לחוק מיסוי מקרקעי.pdf 397-סוגי אישורים ערובות והקפאות חוב מס שבח במתן אישור לפי סעיף 50 לחוק מיסוי מקרקעין.pdf | M19: ='תגובות לטופס 8 מיכאל'!B2 -> נכונה | N19: ='תגובות לטופס 8 מיכאל'!C2 -> 10 | O19: ='תגובות לטופס 8 מיכאל'!D2 | P19: ='תגובות לטופס 8 מיכאל'!E2 -> 10 | Q19: ='תגובות לטופס 8 מיכאל'!F2 | R19: ='תגובות לטופס 8 מיכאל'!G2 -> 10 | S19: ='תגובות לטופס 8 מיכאל'!H2 | T19: ='תגובות לטופס 8 מיכאל'!I2 -> 9 | ... X19: ='תגובות לטופס 8 מיכאל'!M2
A20: M08-Q02 | B20: מיכאל תשובה נכונה- מיסוי AI (הוצאות רונן) | C20: האם ישות יכולה לדווח על בסיס מזומן בהתאם להוראת ביצוע 8/12 | D20: תקציר מנהלים כן, אך לא באופן גורף, ותלוי בראש ובראשונה בסוג הישות. חברות שחלה עליהן חובה לערוך דוחות כספיים חשבונאיים על בסיס מצטבר (כגון חברות שניירות הערך שלהן נסחרים) חייבות לדווח על בסיס מצטבר גם לצורכי מס, וללא אפשרות מעבר לבסיס מזומן. יחידים ועצמאים, לעומת זאת, עשויים להיות זכאים לדווח על בסיס מזומן, בכפוף לעמידה בקריטריונים שנקבעו בחוזרי מס הכנסה 39/93 ו-12/94. בכל מקרה, אם הישות ערכה את הדוחות הכספיים החשבונאיים שלה על בסיס מצטבר, היא אינה רשאית לשנות את בסיס הדיווח למזומן באמצעות דוח ההתאמה לצורכי מס, למעט כאשר קיימת הוראת מס מפורשת לגבי הכנסה מסוימת בלבד. 📄 בסיס דווח לצרכי מס - מזומן או מצטבר (הו"ב מ"ה 8/2012) השאלה המשפטית האם ישות רשאית לדווח לצורכי מס על בסיס מזומן בהתאם להוראת ביצוע מס הכנסה 8/2012, ובפרט כאשר הדוחות החשבונאיים שלה ערוכים על בסיס מצטבר, ובהבחנה בין סוגי ישויות שונים. המסגרת הנורמטיבית הוראת ביצוע מס הכנסה 8/2012 קובעת שני כללים מצטברים: דיווח על בסיס מזומן מותנה בעמידה בקריטריונים שנקבעו בחוזרים קודמים - ובהם חוזר מס הכנסה 39/93, חוזר מס הכנסה 12/94, חוזר מס הכנסה 12/2003 וחוזר מס הכנסה 12/2004. 📄 בסיס דווח לצרכי מס - מזומן או מצטבר (הו"ב מ"ה 8/2012) כאשר החברה ערכה את הדוח הכספי החשבונאי על בסיס מצטבר, לא ניתן לשנות את בסיס הדיווח בדוח ההתאמה לצורכי מס לבסיס מזומן, אלא אם קיימת הוראה מפורשת בדיני המס לגבי הכנסה מסוימת, וביחס להכנסה זו בלבד. 📄 בסיס דווח לצרכי מס - מזומן או מצטבר (הו"ב מ"ה 8/2012) חוזר מס הכנסה 12/2003 ביטא את עמדת רשות המסים שלפיה, בהיעדר הוראה מפורשת המחייבת דיווח על בסיס מזומן, יש לשמור על בסיס הדיווח המצטבר גם לצורכי מס. בהתאם לכך, אם הדוח הכספי החשבונאי ערוך על בסיס מצטבר, אין לאפשר מעבר לבסיס מזומן במסגרת דוח ההתאמה. עוד נקבע כי דיווח על בסיס מזומן מותנה בכל מקרה בעמידה בהוראות חוזרי מס הכנסה 39/93 ו־12/94. 📄 דיווח בשיטת מזומן או מצטבר – עדכון (מה 12/03) חוזר מס הכנסה 12/2004 קבע ביחס לגופים שחלה עליהם חובה לערוך דוח רווח והפסד חשבונאי לפי השיטה המצטברת, כגון חברות שניירות הערך שלהן נסחרים, כי אין להתיר מעבר לדיווח על בסיס מזומן. החוזר מוסיף כי חברות שחלה עליהן חובה להגיש דוח חשבונאי על בסיס מצטבר חייבות לדווח על בסיס מצטבר גם לצורכי מס. 📄 דיווח בשיטת מזומן או מצטבר - עדכון (מ"ה 12/04) מנגד, חוזר מס הכנסה 39/93 קבע כי החל משנת המס 1992 ניתן לאפשר לנישומים המבקשים זאת לעבור לדווח על בסיס מזומן, אם הם עומדים בתנאים שנקבעו באותו חוזר, גם אם מחזור עסקיהם גדול, קיימת אצלם מערכת חייבים וזכאים מסועפת, והם דיווחו בעבר על בסיס מצטבר. המעבר מחייב ביצוע התאמות בהנהלת החשבונות, תוך תשומת לב לכך שלא ייעשה שימוש במעבר לצורך הפחתת מס בלתי ראויה. 📄 מ"ה 39/93 4.8.93 קריטריונים לקביעת צורת הדווח לצרכי מס - בסיס מצטבר או מזומן ניתוח משפטי יש להבחין תחילה בין סוג הישות, שכן זו ההבחנה המרכזית הקובעת את מסגרת הניתוח: חברות שחלה עליהן חובה לערוך דוחות כספיים חשבונאיים על בסיס מצטבר (כגון חברות שניירות הערך שלהן נסחרים) חייבות - לפי חוזר מס הכנסה 12/2004 - לדווח על בסיס מצטבר גם לצורכי מס, ללא אפשרות מעבר לבסיס מזומן דרך דוח ההתאמה. לעומתן, יחידים ועצמאים עשויים להיות זכאים לדיווח על בסיס מזומן לצורכי מס, גם אם דיווחו בעבר על בסיס מצטבר ומחזור עסקיהם גדול, ובלבד שהם עומדים בתנאים שנקבעו בחוזרי מס הכנסה 39/93 ו-12/94 ומבצעים את ההתאמות הנדרשות בהנהלת החשבונות. לאחר קביעת סוג הישות, יש לבחון את יתר התנאים: אם הישות עומדת בקריטריונים לדיווח על בסיס מזומן, הוראת ביצוע 8/2012 אינה שוללת עקרונית את האפשרות לדווח על בסיס זה. 📄 בסיס דווח לצרכי מס - מזומן או מצטבר (הו"ב מ"ה 8/2012) אם הדוחות החשבונאיים של הישות ערוכים על בסיס מזומן, ניתן להסיק מהוראת ביצוע 8/2012 כי אין מניעה, לפי ההוראה עצמה, לדווח לצורכי מס על בסיס מזומן, בכפוף לקריטריונים שנקבעו בחוזרים הקודמים. 📄 בסיס דווח לצרכי מס - מזומן או מצטבר (הו"ב מ"ה 8/2012) אם הדוחות החשבונאיים ערוכים על בסיס מצטבר, הישות אינה רשאית לבצע מעבר לבסיס מזומן באמצעות דוח ההתאמה לצורכי מס. במקרה כזה, החריג הוא הוראת מס מפורשת המתייחסת להכנסה מסוימת בלבד; אין מדובר באישור כללי לישות לדווח על כלל הכנסותיה על בסיס מזומן. 📄 בסיס דווח לצרכי מס - מזומן או מצטבר (הו"ב מ"ה 8/2012) (הערת אימות: הערת הבודק מציינת כי החריג האמור ("הוראה מפורשת לגבי הכנסה מסוימת") מתייחס באופן ספציפי להכנסות מדמי שכירות ולא להכנסות עסקיות אחרות. ההוראות שאותרו במאגר הוראות הביצוע/חוזרים אינן כוללות ניסוח המבסס זאת באופן ישיר, ולכן נקודה זו מובאת כאן כהערת זהירות בלבד ולא כקביעה נתמכת מקור - יש להימנע מקביעה גורפת יותר מכפי שהמקורות מאפשרים.) אם מדובר בישות שחלה עליה חובה לערוך דוחות חשבונאיים על בסיס מצטבר, חוזר מס הכנסה 12/2004 קובע כי עליה לדווח על בסיס מצטבר גם לצורכי מס. 📄 דיווח בשיטת מזומן או מצטבר - עדכון (מ"ה 12/04) באשר לדוחות המתייחסים לשנים עד וכולל שנת המס 2011, הוראת ביצוע 8/2012 מציינת כי תחול המדיניות שנקבעה בהודעה לעיתונות מיום 9 במרץ 2005. עם זאת, הקטעים שאותרו במאגרי מיסים אונליין אינם כוללים את מלוא נוסח ההודעה ואת כל תנאיה, ולכן לא ניתן לפרט את היקפה המדויק על סמך החומר שנמצא. 📄 בסיס דווח לצרכי מס - מזומן או מצטבר (הו"ב מ"ה 8/2012) מסקנה והמלצות ישות יכולה לדווח על בסיס מזומן בהתאם להוראת ביצוע 8/2012 רק אם - ראשית - היא אינה חברה המחויבת בדוחות חשבונאיים על בסיס מצטבר, ושנית, היא עומדת בקריטריונים שנקבעו בחוזרים הרלוונטיים (39/93, 12/94), ובתנאי שאינה מנסה להפוך דוח חשבונאי מצטבר לדוח מס על בסיס מזומן באמצעות דוח התאמה. לפני הגשת הדוח יש לבדוק: האם הישות היא חברה החייבת בעריכת דוחות חשבונאיים על בסיס מצטבר (ואם כן - אין אפשרות מעבר). האם הישות עומדת בקריטריונים של חוזרי מס הכנסה 39/93 ו-12/94. האם הדוחות החשבונאיים שלה ערוכים על בסיס מזומן או מצטבר. האם מדובר בהכנסה ספציפית שלגביה קיימת הוראת מס מפורשת הקובעת דיווח על בסיס מזומן. | E20: 📄 בסיס דווח לצרכי מס - מזומן או מצטבר (הו"ב מ"ה 8/2012) 📄 דיווח בשיטת מזומן או מצטבר - עדכון (מ"ה 12/04) 📄 דיווח בשיטת מזומן או מצטבר – עדכון (מה 12/03) 📄 מ"ה 39/93 4.8.93 קריטריונים לקביעת צורת הדווח לצרכי מס - בסיס מצטבר או מזומן | F20: =F19 -> 8/20/2026 11:34:01 | G20: תשובת זהב של מיסוי און ליין תוקנה בעזרת claude: א) הוספת ההבחנה המרכזית והפותחת בין חברות המחויבות בדיווח חשבונאי על בסיס מצטבר (וללא אפשרות מעבר, לפי 12/2004) לבין יחידים/עצמאים שעשויים להיות זכאים לבסיס מזומן לפי 39/93 ו-12/94 - הבחנה שבתשובה המקורית הופיעה רק כאזכור אגבי באמצע הניתוח ולא כמסגרת פותחת כפי שנדרש. ב) סימון החריג "הוראה מפורשת לגבי הכנסה מסוימת" כלא-מבוסס במקורות שאותרו (במקום להשאירו כללי וסתום בלי הערה), תוך ציון בהערת אימות שהבודק מזהה אותו כנוגע להכנסות שכירות ספציפית - מבלי לצטט מקור חוק, בהתאם למגבלת הוראות ביצוע/חוזרים בלבד. | H20: ציון 7 - תשובה המודל לא מדויקת: יש טעות בזיהוי מקור החריג – סעיף 8ב עוסק בהכנסות משכירות (סעיף 2(6)), ולא בהכנסות מסעיפים 2(9)/2(4) כפי שנטען – וכן הציג את הכלל מבלי לבסס את ההבחנה המרכזית שבהוראת ביצוע 8/2012 בין חברות ליחידים. תשובה נכונה הייתה צריכה לפתוח בהבחנה בין ישויות המחויבות חברות לבין יחידים/עצמאים שעשויים להיות זכאים לדיווח על בסיס מזומן, ולבסס את הניתוח על נוסח הוראת ביצוע 8/2012 עצמה תוך הפניה מדויקת לסעיף 8ב לפקודה בהקשר של הכנסות משכירות (2(6)) בלבד. | I20: תקציר מנהלים כן, אך לא באופן גורף. לפי הוראת ביצוע 8/2012, דיווח על בסיס מזומן מותנה בעמידה בקריטריונים שנקבעו בחוזרי מס הכנסה קודמים. עם זאת, אם הישות ערכה את הדוחות הכספיים החשבונאיים על בסיס מצטבר, היא אינה רשאית לשנות את בסיס הדיווח למזומן באמצעות דוח ההתאמה לצורכי מס, למעט כאשר קיימת הוראת מס מפורשת לגבי הכנסה מסוימת בלבד. 📄 בסיס דווח לצרכי מס - מזומן או מצטבר (הו"ב מ"ה 8/2012)ציטוט ▼ השאלה המשפטית האם ישות רשאית לדווח לצורכי מס על בסיס מזומן בהתאם להוראת ביצוע מס הכנסה 8/2012, ובפרט כאשר הדוחות החשבונאיים שלה ערוכים על בסיס מצטבר. המסגרת הנורמטיבית הוראת ביצוע מס הכנסה 8/2012 קובעת שני כללים מצטברים: דיווח על בסיס מזומן מותנה בעמידה בקריטריונים שנקבעו בחוזרים קודמים — ובהם חוזר מס הכנסה 39/93, חוזר מס הכנסה 12/94, חוזר מס הכנסה 12/2003 וחוזר מס הכנסה 12/2004. 📄 בסיס דווח לצרכי מס - מזומן או מצטבר (הו"ב מ"ה 8/2012)ציטוט ▼ כאשר החברה ערכה את הדוח הכספי החשבונאי על בסיס מצטבר, לא ניתן לשנות את בסיס הדיווח בדוח ההתאמה לצורכי מס לבסיס מזומן, אלא אם קיימת הוראה מפורשת בדיני המס לגבי הכנסה מסוימת, וביחס להכנסה זו בלבד. 📄 בסיס דווח לצרכי מס - מזומן או מצטבר (הו"ב מ"ה 8/2012)ציטוט ▼ חוזר מס הכנסה 12/2003 ביטא את עמדת רשות המסים שלפיה, בהיעדר הוראה מפורשת המחייבת דיווח על בסיס מזומן, יש לשמור על בסיס הדיווח המצטבר גם לצורכי מס. בהתאם לכך, אם הדוח הכספי החשבונאי ערוך על בסיס מצטבר, אין לאפשר מעבר לבסיס מזומן במסגרת דוח ההתאמה. עוד נקבע כי דיווח על בסיס מזומן מותנה בכל מקרה בעמידה בהוראות חוזרי מס הכנסה 39/93 ו־12/94. 📄 דיווח בשיטת מזומן או מצטבר – עדכון (מה 12/03)ציטוט ▼ חוזר מס הכנסה 12/2004 קבע ביחס לגופים שחלה עליהם חובה לערוך דוח רווח והפסד חשבונאי לפי השיטה המצטברת, כגון חברות שניירות הערך שלהן נסחרים, כי אין להתיר מעבר לדיווח על בסיס מזומן. החוזר מוסיף כי חברות שחלה עליהן חובה להגיש דוח חשבונאי על בסיס מצטבר חייבות לדווח על בסיס מצטבר גם לצורכי מס. 📄 דיווח בשיטת מזומן או מצטבר - עדכון (מ"ה 12/04)ציטוט ▼ מנגד, חוזר מס הכנסה 39/93 קבע כי החל משנת המס 1992 ניתן לאפשר לנישומים המבקשים זאת לעבור לדווח על בסיס מזומן, אם הם עומדים בתנאים שנקבעו באותו חוזר, גם אם מחזור עסקיהם גדול, קיימת אצלם מערכת חייבים וזכאים מסועפת, והם דיווחו בעבר על בסיס מצטבר. המעבר מחייב ביצוע התאמות בהנהלת החשבונות, תוך תשומת לב לכך שלא ייעשה שימוש במעבר לצורך הפחתת מס בלתי ראויה. 📄 מ"ה 39/93 4.8.93 קריטריונים לקביעת צורת הדווח לצרכי מס - בסיס מצטבר או מזומןציטוט ▼ ניתוח משפטי התשובה תלויה באופן שבו הישות ערכה את הדוחות החשבונאיים ובשאלה אם היא עומדת בקריטריונים של חוזרי מס הכנסה 39/93 ו־12/94: אם הישות עומדת בקריטריונים לדיווח על בסיס מזומן, הוראת ביצוע 8/2012 אינה שוללת עקרונית את האפשרות לדווח על בסיס זה. 📄 בסיס דווח לצרכי מס - מזומן או מצטבר (הו"ב מ"ה 8/2012)ציטוט ▼ אם הדוחות החשבונאיים של הישות ערוכים על בסיס מזומן, ניתן להסיק מהוראת ביצוע 8/2012 כי אין מניעה, לפי ההוראה עצמה, לדווח לצורכי מס על בסיס מזומן, בכפוף לקריטריונים שנקבעו בחוזרים הקודמים. 📄 בסיס דווח לצרכי מס - מזומן או מצטבר (הו"ב מ"ה 8/2012)ציטוט ▼ אם הדוחות החשבונאיים ערוכים על בסיס מצטבר, הישות אינה רשאית לבצע מעבר לבסיס מזומן באמצעות דוח ההתאמה לצורכי מס. במקרה כזה, החריג הוא הוראת מס מפורשת המתייחסת להכנסה מסוימת בלבד; אין מדובר באישור כללי לישות לדווח על כלל הכנסותיה על בסיס מזומן. 📄 בסיס דווח לצרכי מס - מזומן או מצטבר (הו"ב מ"ה 8/2012)ציטוט ▼ אם מדובר בישות שחלה עליה חובה לערוך דוחות חשבונאיים על בסיס מצטבר, חוזר מס הכנסה 12/2004 קובע כי עליה לדווח על בסיס מצטבר גם לצורכי מס. 📄 דיווח בשיטת מזומן או מצטבר - עדכון (מ"ה 12/04)ציטוט ▼ באשר לדוחות המתייחסים לשנים עד וכולל שנת המס 2011, הוראת ביצוע 8/2012 מציינת כי תחול המדיניות שנקבעה בהודעה לעיתונות מיום 9 במרץ 2005. עם זאת, הקטעים שאותרו במאגרי מיסים אונליין אינם כוללים את מלוא נוסח ההודעה ואת כל תנאיה, ולכן לא ניתן לפרט את היקפה המדויק על סמך החומר שנמצא. 📄 בסיס דווח לצרכי מס - מזומן או מצטבר (הו"ב מ"ה 8/2012)ציטוט ▼ מסקנה והמלצות ישות יכולה לדווח על בסיס מזומן בהתאם להוראת ביצוע 8/2012 רק אם היא עומדת בקריטריונים שנקבעו בחוזרים הרלוונטיים, ובתנאי שאינה מנסה להפוך דוח חשבונאי מצטבר לדוח מס על בסיס מזומן באמצעות דוח התאמה. לפני הגשת הדוח יש לבדוק: האם הישות עומדת בקריטריונים של חוזרי מס הכנסה 39/93 ו־12/94. האם הדוחות החשבונאיים שלה ערוכים על בסיס מזומן או מצטבר. האם חלה עליה חובה לערוך דוחות חשבונאיים על בסיס מצטבר. האם מדובר בהכנסה ספציפית שלגביה קיימת הוראת מס מפורשת הקובעת דיווח על בסיס מזומן. הערות וסייגים על סמך מאגרי מיסים אונליין, הקטעים שאותרו אינם כוללים את מלוא הקריטריונים המפורטים בחוזר מס הכנסה 12/94 ואת מלוא נוסח ההודעה לעיתונות לגבי שנות המס עד וכולל 2011. לכן לא ניתן לקבוע אם ישות מסוימת זכאית לדווח על בסיס מזומן בלי פרטים על סוג פעילותה, אופן עריכת דוחותיה והחובות החשבונאיות החלות עליה. | J20: 📄 בסיס דווח לצרכי מס - מזומן או מצטבר (הו"ב מ"ה 8/2012) ציטוט ▼ 📄 דיווח בשיטת מזומן או מצטבר - עדכון (מ"ה 12/04) ציטוט ▼ 📄 דיווח בשיטת מזומן או מצטבר – עדכון (מה 12/03) ציטוט ▼ 📄 מ"ה 39/93 4.8.93 קריטריונים לקביעת צורת הדווח לצרכי מס - בסיס מצטבר או מזומן ציטוט ▼ | K20: בהתאם להוראת ביצוע מס' 8/2012, ככלל, אם ישות ערכה דוח כספי חשבונאי על בסיס מצטבר לפי כללי חשבונאות מקובלים, לא ניתן לשנות את בסיס הדיווח בדוח ההתאמה לצרכי מס לבסיס מזומן. עם זאת, קיימים חריגים: 1. אם קיימת הוראה מפורשת בדיני המס לעניין הכנסה מסוימת, אזי ניתן לדווח על בסיס מזומן בהתייחס לאותה הכנסה בלבד (לדוגמה, הכנסות מסעיפים 2(9) או 2(4) ששולמו מראש, ידווחו על בסיס מזומן מכוח סעיף 8ב לפקודה). 2. לגבי דוחות על ההכנסות שהוגשו עבור שנות המס עד וכולל 2011, תחול מדיניות מיוחדת שנקבעה בהודעה לעיתונות ממרץ 2007, אשר אפשרה במקרים מסוימים דיווח על בסיס מזומן (לדוגמה, לחברות שירותים ללא מלאי עד שנת המס 2010). | L20: בסיס דווח לצרכי מס - מזומן או מצטבר 08_2012.pdf 408-הוראת ביצוע מס הכנסה מס 82012 - רשות המסים בנושא בסיס דווח לצרכי מס – מזומן או מצטבר .pdf | M20: ='תגובות לטופס 8 מיכאל'!N2 -> נכונה | N20: ='תגובות לטופס 8 מיכאל'!O2 -> 7 | O20: ='תגובות לטופס 8 מיכאל'!P2 -> החלק לגבי תחולת 8ב אינו נכון. 8ב חל על הכנסות מ 2(6) | P20: ='תגובות לטופס 8 מיכאל'!Q2 -> 7 | Q20: ='תגובות לטופס 8 מיכאל'!R2 -> אין התייחסות להבדלים בין חברות ליחידים | R20: ='תגובות לטופס 8 מיכאל'!S2 -> 9 | S20: ='תגובות לטופס 8 מיכאל'!T2 | T20: ='תגובות לטופס 8 מיכאל'!U2 -> 8 | ... X20: ='תגובות לטופס 8 מיכאל'!Y2
A21: M08-Q03 | B21: מיכאל | C21: האם בקשה לתיקון דוח כתוצאה משינוי של מסלול מס בהשכרת דירות מהווה תיקון מהותי. | D21: כן, בקשה לתיקון דוח כתוצאה משינוי של מסלול מס בהשכרת דירות מהווה תיקון מהותי. תיקון מהותי מוגדר בהוראת ביצוע מס הכנסה 3/2018 כתיקון המשפיע על ההכנסה החייבת המוצהרת או על חבות המס, וכולל שינוי בנקיטת עמדה מסוימת באשר לאופן, לעיתוי דיווח או לסיווג של מרכיבי ההכנסה החייבת, כאשר הנישום נוקט עמדה חדשה ושונה מזו שננקטה בדוח המקורי. שינוי מסלול המס שבו מדווחת הכנסה משכירות דירות (למשל, מעבר בין מסלולי המיסוי השונים החלים על הכנסה כזו) הוא בדיוק סוג השינוי הזה - שינוי עמדה לגבי אופן הדיווח וחישוב חבות המס על אותה הכנסה - ולכן נכנס להגדרת "תיקון מהותי", להבדיל מ"תיקון טכני" שאינו מצריך שיקול דעת של פקיד השומה ואינו מצריך בדיקה שומתית לגבי עצם הזכאות לתיקון (למשל, השלמת מסמכים או תיקון טעות חשבונאית). אופן הטיפול בבקשה (הרובד האופרטיבי): לאחר שהבקשה סווגה כתיקון מהותי, הטיפול בה מתבצע בהתאם להוראות הפרק העוסק ב"אופן הטיפול בבקשה": הבקשה צריכה להיות מוגשת כשהיא מפורטת ומנומקת, ולכלול את מלוא הפרטים הנדרשים לבחינתה. בהתקיים התנאים המאפשרים את התיקון - משודר הדוח מחדש לאחר תיקונו. ההשלכה המעשית המרכזית של סיווג הבקשה כ"מהותית" (להבדיל מטכנית) היא לעניין מועד ההגשה הרשמי של הדוח: בעוד שבתיקון טכני אין לשנות את מועד הגשת הדוח המקורי, בתיקון מהותי יש לשנות את תאריך הגשת הדוח השנתי לתאריך הגשת בקשת התיקון עצמה. משמעות הדבר היא שעם שידור התיקון ושינוי תאריך ההגשה, עלולים להיות מוטלים על הנישום קנסות בשל אי-הגשת הדוח במועד (בהתייחס למועד המקורי שנדרש). | E21: הוראת ביצוע מס הכנסה מספר 3_2018 בנושא_ אופן הטיפול בבקשת נישום לתיקון דו_ח על ההכנסות שהוגש על ידו לפקיד השומה.pdf 628-הוראת ביצוע 3.2018 בנושא אופן הטיפול בבקשת נישום לתיקון דוח על ההכנסות שהוגש על ידו לפקיד השומה.pdf | F21: =F20 -> 8/20/2026 11:34:01 | G21: תשובת זהב של RAG תוקנה בעזרת claude: א) הוספת פרק חדש שהתשובה המקורית השמיטה לחלוטין - "אופן הטיפול בבקשה" (סעיף 4 להוראת ביצוע 3/2018): דרישות הגשת הבקשה (מפורטת ומנומקת) ותהליך שידור הדוח מחדש לאחר אישור התיקון, בהתאם להערת הבודק. ב) הוספת ההשלכה האופרטיבית המרכזית של סיווג הבקשה כתיקון מהותי - שינוי מועד ההגשה הרשמי של הדוח לתאריך הגשת בקשת התיקון, על החשיפה האפשרית לקנסות איחור הנגזרת מכך - נקודה שלא הופיעה כלל בתשובה המקורית. | H21: ציון 9.7 -אפשר להוסיף התייחסות לאופן הטיפול הטכני | I21: כן. בקשה לתיקון דוח בעקבות שינוי מסלול המס בהשכרת דירות היא תיקון מהותי, ולא תיקון טכני. לפי הוראת ביצוע מס הכנסה 3/2018, תיקון מהותי כולל: “שינוי בנקיטת עמדה מסוימת מכל סיבה שהיא, באשר לאופן, לעיתוי דיווח או לסיווג באשר למי מרכיביה של ההכנסה החייבת. כשהנישום נוקט עמדה חדשה, שונה מזו שננקטה בדו"ח המקורי, ביחס לאותן נסיבות, מכל טעם שהוא.” 📄 אופן הטיפול בבקשת נישום לתיקון דו"ח על ההכנסות שהוגשו על ידו לפקיד השומה (הו"ב מ"ה 3/2018)ציטוט ▼ בחירת מסלול מס שונה בהכנסות מהשכרת דירות — למשל מעבר בין מסלול הפטור, המסלול המופחת והמסלול הרגיל — היא נקיטת עמדה מיסויית חדשה ביחס לאותן נסיבות, ובדרך כלל משפיעה גם על ההכנסה החייבת או על חבות המס. לכן היא נכנסת להגדרת תיקון מהותי לפי הוראת הביצוע. 📄 אופן הטיפול בבקשת נישום לתיקון דו"ח על ההכנסות שהוגשו על ידו לפקיד השומה (הו"ב מ"ה 3/2018)ציטוט ▼ בהתאם להוראה, בקשה כזו אינה מטופלת כתיקון טכני שגרתי; תיקון מהותי מועבר לבחינת רכז החוליה, והמשך הטיפול בו נתון לשיקול דעתו. 📄 אופן הטיפול בבקשת נישום לתיקון דו"ח על ההכנסות שהוגשו על ידו לפקיד השומה (הו"ב מ"ה 3/2018)ציטוט ▼ | J21: אופן הטיפול בבקשת נישום לתיקון דו"ח על ההכנסות שהוגשו על ידו לפקיד השומה (הו"ב מ"ה 3/2018) ציטוט ▲ הוראות בצוע -מס הכנסה ה"ב 3/18 – 8.1.18 – אופן הטיפול בבקשת נישום לתיקון דו"ח על ההכנסות שהוגשו על ידו לפקיד השומה מיסים לב/1 ג-18 כ"א טבת תשע"ח 8 ינואר, 2018 הוראת ביצוע מס הכנסה מספר 3/2018 - רשות המסים הנושא: אופן הטיפול בבקשת נישום לתיקון דו"ח על ההכנסות שהוגש על ידו לפקיד השומה תוכן עניינים 1. רקע כללי 2. סקירת הפסיקה לעניין תיקוני דו"חות 3. מעמד בקשת נישום לתיקון דו"ח שנתי שהוגש על ידו לפקיד השומה 3.1 סוגי תיקוני דו"חות והמבחנים לקבלתם: 3.2 מקרים בהם לא ניתן להגיש דו"ח מתקן 3.3 השלכות נוספות אפשריות 4. קליטת הבקשה לתיקון דו"ח על ידי פקיד השומה - השלכות והנחיות לפעולה 4.1 אופן הגשת בקשה | K21: כן, בקשה לתיקון דוח כתוצאה משינוי של מסלול מס בהשכרת דירות מהווה תיקון מהותי. תיקון מהותי מוגדר כתיקון המשפיע על ההכנסה החייבת המוצהרת או על חבות המס, וכולל שינוי בנקיטת עמדה מסוימת באשר לאופן, לעיתוי דיווח או לסיווג של מרכיבי ההכנסה החייבת, כאשר הנישום נוקט עמדה חדשה ושונה מזו שננקטה בדו"ח המקורי. | L21: הוראת ביצוע מס הכנסה מספר 3_2018 בנושא_ אופן הטיפול בבקשת נישום לתיקון דו_ח על ההכנסות שהוגש על ידו לפקיד השומה.pdf 628-הוראת ביצוע 3.2018 בנושא אופן הטיפול בבקשת נישום לתיקון דוח על ההכנסות שהוגש על ידו לפקיד השומה.pdf | M21: ='תגובות לטופס 8 מיכאל'!Z2 -> נכונה | N21: ='תגובות לטופס 8 מיכאל'!AA2 -> 10 | O21: ='תגובות לטופס 8 מיכאל'!AB2 | P21: ='תגובות לטופס 8 מיכאל'!AC2 -> 9 | Q21: ='תגובות לטופס 8 מיכאל'!AD2 -> אפשר להוסיף התייחסות לאופן הטיפול הטכני | R21: ='תגובות לטופס 8 מיכאל'!AE2 -> 10 | S21: ='תגובות לטופס 8 מיכאל'!AF2 | T21: ='תגובות לטופס 8 מיכאל'!AG2 -> 10 | ... X21: ='תגובות לטופס 8 מיכאל'!AK2
A22: M09-Q01 | B22: רוני תשובה נכונה- מיסוי AI (הוצאות רונן) | C22: חברה שנידונה אצלי בחוליה נרכשה על ידי חברה זרה. החברה הרוכשת משלמת את כספי התמורה לבעלי מניות תושבי חוץ. מי הגורם המנפיק את האישור עבור העברה לחול? הכסף עובר דרך נאמן ישראלי ולכן נדרש אישור | D22: שאלת סף - האם בכלל קיימת חובת ניכוי מס במקור לפני בירור זהות הגורם המנפיק, יש לבחון תחילה אם התשלום לבעלי המניות תושבי החוץ נכנס כלל למסגרת "תשלומים שהעברתם לתושב חוץ מותרת בלא ניכוי מס במקור" - נושא המוקדש לו פרק שלם (סעיף 3, עמ' 4-6) בהוראת ביצוע 34/93. בחינה זו כוללת, בין היתר, את תנאי התושבות של מקבלי התמורה, את שיעור ההחזקה שלהם במניות, ואת סוג הנכס שנמכר. רק אם מתברר שהתשלום אינו נכנס לגדר אחד מהחריגים המתירים תשלום ללא ניכוי, עולה השאלה של זהות הגורם המנפיק את האישור לביצוע ההעברה בפועל. (הערת אימות: לא אימתתי בשיחה זו את נוסח הסעיפים הספציפיים בפרק 3 להוראת ביצוע 34/93 העוסקים בתנאי הפטור למכירת מניות/רווח הון על-ידי תושב חוץ - הפרק קיים ומוקדש לנושא זה, אך התוכן המדויק (תנאי תושבות, שיעור החזקה) טרם נבדק מול הטקסט המלא. יש לוודא זאת מול נוסח ההוראה בטרם הכרעה סופית בתיק הקונקרטי.) זיהוי הגורם המנפיק (בהנחה שלא חל פטור מניכוי) בהנחה שנקבע כי חלה חובת ניכוי מס במקור על התשלום, הגורם המנפיק את האישור תלוי בשאלה אם לבעלי המניות תושבי החוץ יש קוד ישות/תיק בישראל: כאשר מדובר באישור ביחס לתמורה בגין מכירת מניות או רווח הון - הוראת ביצוע 34/93 קובעת כי האישור יונפק על ידי מחלקת הניכויים בנציבות מס הכנסה. הבקשה מופנית למחלקת הניכויים, לאחר התייעצות עם פקיד השומה. 📄 ה"ב 34/93 30.5.93 ניכוי מס במקור מתשלומים לתושבי חוץ כאשר בעלי המניות תושבי החוץ חסרי קוד ישות - לפי הוראת ביצוע מ"ה 2/26, האישור יופק במשרד השומה, ולא במסגרת ההפקה המרוכזת, וזאת לאחר קבלת אישור מהרפרנט המקצועי ובהתאם להנחיות המחלקה למיסוי בינלאומי בחטיבה המקצועית. 📄 אישורי ניכוי מס במקור ואישורים לפי חוק עסקאות גופים ציבוריים לשנת המס 2026 (הו"ב מ"ה 2/26) לכן, במקרה שתיארת, אם בעלי המניות הזרים הם חסרי קוד ישות - יש לפנות למשרד השומה לצורך הנפקת האישור, לאחר אישור הרפרנט המקצועי. אם יש להם קוד ישות והאישור נדרש בשל רווח הון ממכירת המניות, הגורם המנפיק לפי הוראת ביצוע 34/93 הוא מחלקת הניכויים בנציבות מס הכנסה. העובדה שהתמורה מוחזקת או מועברת באמצעות נאמן ישראלי אינה משנה כשלעצמה את זהות הגורם המנפיק; היא הסיבה המעשית לכך שנדרש כלל אישור לביצוע ההעברה (הנאמן, כגורם מנכה/מעביר כספים, נדרש לאישור לפני שחרור הכספים) - אך זאת רק לאחר שנקבע כי לא חל פטור מניכוי מלכתחילה. (הערת אימות נוספת: קיימת אינדיקציה מקצועית (שאינה מבוססת כאן ממקור הוראת ביצוע ישיר) לפיה בתיקי רכישת מניות חברה ישראלית על-ידי גורם זר, מעורבות החטיבה המקצועית בהליך האישור עשויה להיות רחבה יותר ממה שמצוין לעיל - מעבר לתפקידה בנתיב "חסרי קוד ישות" בלבד. לא אותר בשיחה זו מקור הוראת-ביצוע/חוזר נוסף המאשר או שולל זאת, ולכן הנקודה מובאת כפתוחה ולא כהכרעה.) מסקנה מעשית יש לבדוק תחילה אם התשלום לבעלי המניות תושבי החוץ פטור מניכוי מס במקור, בהתאם לתנאים הנדונים בפרק "תשלומים המותרים בלא ניכוי" בהוראת ביצוע 34/93 - כולל תושבות מקבלי התמורה ושיעור ההחזקה. אם לא חל פטור: יש לברר אם לבעלי המניות הזרים קוד ישות/תיק בישראל. אם יש קוד ישות - הפנייה היא למחלקת הניכויים בנציבות מס הכנסה, לאחר התייעצות עם פקיד השומה. אם אין קוד ישות - הפנייה היא למשרד השומה, לאחר קבלת אישור מהרפרנט המקצועי ובהתאם להנחיות המחלקה למיסוי בינלאומי בחטיבה המקצועית. מעורבות הנאמן הישראלי היא הטעם המעשי לדרישת האישור, ואינה משנה את זהות הגורם המוסמך. | E22: ה"ב 34/93 30.5.93 - ניכוי מס במקור מתשלומים לתושבי חוץ אישורי ניכוי מס במקור ואישורים לפי חוק עסקאות גופים ציבוריים לשנת המס 2026 (הו"ב מ"ה 2/26) | F22: ='תגובות לטופס 9 רוני'!A2 -> 8/18/2026 17:36:42 | G22: תשובת זהב של מיסוי און ליין תוקנה בעזרת claude: א) הוספת שאלת סף חסרה - בדיקת אפשרות פטור מחובת ניכוי מס במקור (לפי תנאי תושבות והחזקה, בהתאם לפרק "תשלומים המותרים בלא ניכוי" בהוראת ביצוע 34/93) לפני המעבר לשאלת זהות הגורם המנפיק - התשובה המקורית הניחה כחובת ניכוי קיימת מבלי לבחון זאת כלל, בדיוק כפי שנעשה בתשובת ה-RAG שקיבלה ציון 1. ב) סימון פער אימות פתוח לגבי מידת מעורבות החטיבה המקצועית בהליך האישור מעבר לנתיב "חסרי קוד ישות" בלבד, מבלי לקבוע הכרעה שאינה נתמכת במקור הוראת-ביצוע קונקרטי. | H22: ציון 1 - מודל טעה בזיהוי הגורם המוסמך – ציין "משרדי השומה" בעוד שבמקרה של רכישת מניות חברה ישראלית ע"י גורם זר הגורם המנפיק הוא המחלקה המקצועית, ומעבר לכך התעלם לחלוטין משאלת הסף המכרעת: האם בכלל חלה חובת ניכוי מס במקור, לאור פטור אפשרי לפי סעיף 97(ב) לפקודה לתושב חוץ במכירת מניות. תשובה נכונה הייתה צריכה לפתוח בבדיקת תחולת הפטור לפי סעיף 97(ב) (תנאי תושבות, שיעור החזקה וסוג הנכס), ורק בהיעדר פטור לעבור לזיהוי הגורם המנפיק את האישור – המחלקה המקצועית, ולא משרדי השומה. | I22: הגורם המנפיק תלוי בשאלה אם לבעלי המניות תושבי החוץ יש קוד ישות/תיק בישראל: כאשר מדובר באישור ביחס לתמורה בגין מכירת מניות או רווח הון – הוראת ביצוע 34/93 קובעת כי האישור יונפק על ידי מחלקת הניכויים בנציבות מס הכנסה. הבקשה מופנית למחלקת הניכויים, לאחר התייעצות עם פקיד השומה 📄 ה"ב 34/93 30.5.93 ניכוי מס במקור מתשלומים לתושבי חוץציטוט ▼. כאשר בעלי המניות תושבי החוץ חסרי קוד ישות – לפי הוראת ביצוע מ"ה 2/26, האישור יופק במשרד השומה, ולא במסגרת ההפקה המרוכזת, וזאת לאחר קבלת אישור מהרפרנט המקצועי ובהתאם להנחיות המחלקה למיסוי בינלאומי בחטיבה המקצועית 📄 אישורי ניכוי מס במקור ואישורים לפי חוק עסקאות גופים ציבוריים לשנת המס 2026 (הו"ב מ"ה 2/26). לכן, במקרה שתיארת, אם בעלי המניות הזרים הם חסרי קוד ישות – יש לפנות למשרד השומה לצורך הנפקת האישור, לאחר אישור הרפרנט המקצועי. אם יש להם קוד ישות והאישור נדרש בשל רווח הון ממכירת המניות, הגורם המנפיק לפי הוראת ביצוע 34/93 הוא מחלקת הניכויים בנציבות מס הכנסה. העובדה שהתמורה מוחזקת או מועברת באמצעות נאמן ישראלי אינה משנה כשלעצמה את זהות הגורם המנפיק; היא רק מסבירה מדוע נדרש אישור לצורך ביצוע ההעברה. | J22: אישורי ניכוי מס במקור ואישורים לפי חוק עסקאות גופים ציבוריים לשנת 2026 (הו"ב מ"ה 2/26): אישורי ניכוי מס במקור לתושבי חוץ וחברות זרות בשל העובדה כי נמצא שנעשה שימוש לרעה באישורי ניכוי מס במקור הניתנים לתושבי חוץ וחברות תושבות חוץ, לא יופקו במהלך המרוכז אישורים לתושבי חוץ ולחברות זרות המפורטים להלן: יחידים תושבי חוץ שהינם חסרי קוד ישות (מספר התיק שלהם הינו 6600XXXXX );חברות תושבות חוץ (חברות זרות) שהינן חסרות קוד ישות (מספר התיק שלהן הינו 50040XXX );נאמנויות שמספר תיקן הוא 50200XXX . במקרים המפורטים לעיל יופקו אישורי ניכוי מס במקור לתושבי חוץ וחברות תושבות חוץ רק במשרדי השומה ולאחר מתן אישור מאת הרפרנט המקצועי, לפי הנחיות המחלקה למיסוי בינלאומי בחטיבה המקצועית. 17. אישורים לחברות ה"ב 34/93 30.5.93 — ניכוי מס במקור מתשלומים לתושבי חוץ הוראות בצוע - מס הכנסה ה"ב 34/93 30.5.93 ניכוי מס במקור מתשלומים לתושבי חוץ מיסים ז/4 ג-50 י' בסיון תשנ"ג 30 במאי 1993 (049) אל: תפוצה א', נצ'(2), ב'(3), ג'(1), ד'(1), ו' לבצוע/לידיעה - פקידי השומה, רכזי חוליות בשומה ובניכויים הוראת ביצוע מס' 34/93 ניכויים/משפטית/מקצועית/שומה הנדון: ניכוי מס במקור מתשלומים לתושבי חוץ הוראה זו מחליפה את הוראת בצוע 43/92 והיא עוסקת בנושאים הבאים: סעיף עמוד ---- ---- 1. כללי 3-2 2. העברות לתושבי חוץ על ידי בנקים 3 3. תשלומים שהעברתם לתושב חוץ מותרת בלא ניכוי מס במקור 6-4 4. הנפקת אישורים על ידי רואה חשבון מורשה 8-7 5. הנפקת אישורים על-ידי משרדי השומה 8 6. הנפקת | K22: הגורם המנפיק את אישורי ניכוי המס במקור לתושבי חוץ וחברות זרות, הנדרשים לצורך העברת כספים לחו"ל, הוא משרדי השומה. אישורים אלו מופקים לאחר קבלת אישור מהרפרנט המקצועי ומהמחלקה למיסוי בינלאומי בחטיבה המקצועית. | L22: הוראת ביצוע מס הכנסה מס_ 2_2020 בנושא_ אישורי ניכוי מס במקור ואישורים לפי חוק עסקאות גופים ציבוריים לשנת המס 2020.pdf | M22: ='תגובות לטופס 9 רוני'!B2 -> שגויה | N22: ='תגובות לטופס 9 רוני'!C2 -> 1 | O22: ='תגובות לטופס 9 רוני'!D2 -> התשובה מתייחסת להעברת כספים מהחברה לתושב חוץ. ברגע שחברה זרה רוכשת מניות של חברה ישראלית הגורם המנפיק הוא המחלקה המקצועית ולא משרדי השומה. במקרה שלנו כנראה לא חלה חובת ניכוי מס במקור לפי 97ב. | P22: ='תגובות לטופס 9 רוני'!E2 -> 1 | Q22: ='תגובות לטופס 9 רוני'!F2 -> תשובה לא נכונה. | R22: ='תגובות לטופס 9 רוני'!G2 -> 1 | S22: ='תגובות לטופס 9 רוני'!H2 -> הוראת הביצוע לא רלוונטית. | T22: ='תגובות לטופס 9 רוני'!I2 -> 1 | ... W22: ='תגובות לטופס 9 רוני'!L2 -> ההסברים לא קשורים לשאלה.
A23: M09-Q04 | B23: רוני | C23: האם ניתן לתת טופס 50 לחברה שסוחרת באופציות במקרקעין? הסבר ונמק תוך ציטוט הוראת/הוראות הביצוע הרלוונטיות והפסקה/פסקאות הרלוונטיות. | D23: על פי הוראות הביצוע שהוצגו, לא ניתן לתת טופס 50 לחברה שסוחרת באופציות במקרקעין. הוראות הביצוע מתייחסות באופן מפורש לקבלנים בונים המוכרים דירות מגורים או שטחי מסחר ממלאי עסקי, ומדווחים על הכנסותיהם ממכירת בניינים בהתאם לסעיף 8(א) לפקודת מס הכנסה. **הסבר ונימוק:** 1. **הגדרת הזכאים לטופס 50:** הוראת ביצוע מס' 2/2010 (מצוטטת ב-retrieval_index 1 ו-2) קובעת במפורש כי אישורים לפי סעיף 50 לחוק מיסוי מקרקעין (טופס 50) ניתנים אך ורק לנישום שהוא "קבלן בניין הבונה למלאי עסקי, ומדווח על הכנסותיו ממכירות בהתאם לסעיף 8(א)(ג) לפקודה" (retrieval_index 2, סעיף 4.5). חברה הסוחרת באופציות במקרקעין אינה עונה להגדרה זו של "קבלן בניין הבונה למלאי עסקי". 2. **סוג הנכסים המזכים:** סעיף 4.5 בהוראת ביצוע מס' 2/2010 (retrieval_index 2) מפרט מה נחשב ל"מלאי עסקי" לעניין זה: "א. דירות מגורים, לרבות שטחי חניה, חדרי חשמל ומחסנים הצמודים לאותן דירות בבניין שכולו דירות מגורים. ב. שטחי מסחר אשר נמכרו תוך 3 שנים מיום סיום בנייתם". אופציות במקרקעין אינן נכללות בהגדרה זו של מלאי עסקי. 3. **הצהרת החברה בבקשה לטופס 50:** בטופס הבקשה לטופס 50 (נספח א' ו-ב' להוראת ביצוע מס' 2/2010, מצוטט ב-retrieval_index 1), החברה נדרשת להצהיר כי היא "קבלן בונה ומדווחת על הכנסותיה ממכירת בניינים בהתאם לסעיף 8(א) לפקודת מס הכנסה" וכי היא "איננה איגוד מקרקעין". חברה הסוחרת באופציות אינה עונה על הצהרות אלו. **סיכום:** הוראות הביצוע מתמקדות בפעילות קבלנית של בנייה ומכירת נכסים פיזיים (דירות ושטחי מסחר) ממלאי עסקי, ולא בפעילות של סחר באופציות במקרקעין. | E23: אישורים כלליים לפי סעיף ‎50 לחוק מיסוי מקרקעין -דירות מגורים (תוספת להוראות ביצוע ‎83_85 ו - ‎90_17)- 14_2003.pdf הקפאות חוב מס שבח, סוגי אישורים לפי סעיף 50 לחוק מיסוי מקרקעין, וערובות במתן טופס 50-02_2010.pdf | F23: =#REF! -> #REF! | H23: ציון 10 | K23: על פי הוראות הביצוע שהוצגו, לא ניתן לתת טופס 50 לחברה שסוחרת באופציות במקרקעין. הוראות הביצוע מתייחסות באופן מפורש לקבלנים בונים המוכרים דירות מגורים או שטחי מסחר ממלאי עסקי, ומדווחים על הכנסותיהם ממכירת בניינים בהתאם לסעיף 8(א) לפקודת מס הכנסה. **הסבר ונימוק:** 1. **הגדרת הזכאים לטופס 50:** הוראת ביצוע מס' 2/2010 (מצוטטת ב-retrieval_index 1 ו-2) קובעת במפורש כי אישורים לפי סעיף 50 לחוק מיסוי מקרקעין (טופס 50) ניתנים אך ורק לנישום שהוא "קבלן בניין הבונה למלאי עסקי, ומדווח על הכנסותיו ממכירות בהתאם לסעיף 8(א)(ג) לפקודה" (retrieval_index 2, סעיף 4.5). חברה הסוחרת באופציות במקרקעין אינה עונה להגדרה זו של "קבלן בניין הבונה למלאי עסקי". 2. **סוג הנכסים המזכים:** סעיף 4.5 בהוראת ביצוע מס' 2/2010 (retrieval_index 2) מפרט מה נחשב ל"מלאי עסקי" לעניין זה: "א. דירות מגורים, לרבות שטחי חניה, חדרי חשמל ומחסנים הצמודים לאותן דירות בבניין שכולו דירות מגורים. ב. שטחי מסחר אשר נמכרו תוך 3 שנים מיום סיום בנייתם". אופציות במקרקעין אינן נכללות בהגדרה זו של מלאי עסקי. 3. **הצהרת החברה בבקשה לטופס 50:** בטופס הבקשה לטופס 50 (נספח א' ו-ב' להוראת ביצוע מס' 2/2010, מצוטט ב-retrieval_index 1), החברה נדרשת להצהיר כי היא "קבלן בונה ומדווחת על הכנסותיה ממכירת בניינים בהתאם לסעיף 8(א) לפקודת מס הכנסה" וכי היא "איננה איגוד מקרקעין". חברה הסוחרת באופציות אינה עונה על הצהרות אלו. **סיכום:** הוראות הביצוע מתמקדות בפעילות קבלנית של בנייה ומכירת נכסים פיזיים (דירות ושטחי מסחר) ממלאי עסקי, ולא בפעילות של סחר באופציות במקרקעין. | L23: אישורים כלליים לפי סעיף ‎50 לחוק מיסוי מקרקעין -דירות מגורים (תוספת להוראות ביצוע ‎83_85 ו - ‎90_17)- 14_2003.pdf הקפאות חוב מס שבח, סוגי אישורים לפי סעיף 50 לחוק מיסוי מקרקעין, וערובות במתן טופס 50-02_2010.pdf | M23: ='תגובות לטופס 9 רוני'!AL2 -> נכונה | N23: ='תגובות לטופס 9 רוני'!AM2 -> 10 | O23: ='תגובות לטופס 9 רוני'!AN2 | P23: ='תגובות לטופס 9 רוני'!AO2 -> 10 | Q23: ='תגובות לטופס 9 רוני'!AP2 | R23: ='תגובות לטופס 9 רוני'!AQ2 -> 10 | S23: ='תגובות לטופס 9 רוני'!AR2 | T23: ='תגובות לטופס 9 רוני'!AS2 -> 10 | ... W23: ='תגובות לטופס 9 רוני'!AV2 -> אפשר להסתמך.
A24: M09-Q05 | B24: רוני | C24: נאמנות שהוקמה לפני שנת 2014, כאשר היוצר עלה לישראל לפני 2014 כתושב חוזר ותיק - האם הנאמנות זכאית להטבות המס של היוצר? מהו סיווג הנאמנות, אירועי המס וחובות הדיווח? הסבר ונמק תוך ציטוט פקודת מס הכנסה/חוזרים/הוראות ביצוע. | D24: נאמנות שהוקמה לפני שנת 2014 על ידי יוצר שעלה לישראל לפני 2014 כתושב חוזר ותיק, זכאית להטבות המס של היוצר, בעיקר בכל הנוגע לפטורים מחובות דיווח על הכנסות ונכסים מחוץ לישראל. **1. סיווג הנאמנות:** * אם היוצר היה תושב חוץ בעת יצירת הנאמנות, היא סווגה במקור כ"נאמנות יוצר תושב חוץ" (לפי הדין שקדם לתיקון 197 לפקודה, שנכנס לתוקף ב-1.1.2014). (מקור: חוזר מס הכנסה מס' 3/2016, סעיף 7.1.1, רכיב 0) * כאשר היוצר הפך ל"יחיד מוטב" (תושב חוזר ותיק) לפני 2014, הנאמנות הופכת ל"נאמנות תושבי ישראל" בהתאם לסעיף 15ז(ה) לפקודה. (מקור: תוספת להוראת ביצוע מס הכנסה 1/2010, רכיבים 1, 2) * החל מ-1.1.2014, תיקון 197 שינה את ההגדרות, ובמסגרתו בוטל המעמד של "נאמנות יוצר תושב חוץ" והוגדרה "נאמנות תושבי חוץ". עם זאת, במקרה הנדון, השינוי בתושבות היוצר קדם לתיקון זה. (מקור: חוזר מס הכנסה מס' 3/2016, סעיף 7.1.3, רכיב 0; סעיף 5.1.2.1, רכיב 6) **2. זכאות להטבות המס של היוצר:** * "יחיד מוטב" (תושב ישראל לראשונה ותושב חוזר ותיק, כהגדרתם בסעיף 14א לפקודה) פטור מדיווח על הכנסות ונכסים מחוץ לישראל למשך 10 שנים ממועד עלייתו או חזרתו לישראל ("תקופת ההטבה"). (מקור: תוספת להוראת ביצוע מס הכנסה 1/2010, רכיבים 1, 2) * במקרים בהם נאמנות הפכה ל"נאמנות תושבי ישראל" לאחר שיוצר אחד בה היה ל"יחיד מוטב" (סעיף 15ז(ה) לפקודה), לא תקום חובה להגיש דוח שנתי על הכנסות הנאמנות או דוח על הון ונכסי הנאמנות, לגבי הכנסות ונכסים מחוץ לישראל בלבד, במשך תקופת ההטבה. (מקור: תוספת להוראת ביצוע מס הכנסה 1/2010, רכיבים 1, 2) **3. אירועי המס:** * המעבר של הנאמנות לסיווג של "נאמנות תושבי ישראל" בעקבות הפיכת היוצר ל"יחיד מוטב" משמעו שהכנסותיה ונכסיה של הנאמנות עשויים להיות כפופים לדיני המס הישראליים. עם זאת, הפטור מדיווח על הכנסות ונכסים מחוץ לישראל למשך 10 שנים, כפי שצוין לעיל, משליך גם על חבות המס בפועל על הכנסות אלו בתקופה זו. (מקור: תוספת להוראת ביצוע מס הכנסה 1/2010, רכיבים 1, 2) **4. חובות הדיווח:** * לגבי חובת הגשת הודעה על יצירת נאמנות או הקניית נכס לנאמנות על ידי "יחיד מוטב", והודעה על שינוי סוג של נאמנות ל"נאמנות תושבי ישראל" בעקבות עלייתו או חזרתו של "יחיד מוטב" לישראל, הוסדרו פטורים מפורשים מחובת מתן הודעות כאמור במסגרת סעיפים 15טז(1א), 15טז(1ג)(3) ו-15טז(3א)(3) לפקודה. (מקור: תוספת להוראת ביצוע מס הכנסה 1/2010, רכיבים 1, 2) * עם זאת, "יחיד מוטב" שיצר נאמנות לפני חזרתו או עלייתו לישראל, חייב בהגשת הודעה (טופס 147) על הכנסות ונכסים מחוץ לישראל שהיו קיימים בנאמנות במועד החזרה או העלייה, וכן על נכסים והכנסות שהוקנו לנאמנות במהלך תקופת ההטבה. הודעה זו תוגש עד 30.4 של השנה שלאחר תום תקופת ההטבה, או במועד הגשת הדוח לפי סעיף 131 לפקודה אם חלה עליו חובה כזו. (מקור: הוראת ביצוע מס הכנסה מס' 1/2010, סעיף 3.9.1.2, רכיב 3) * חובת דיווח דומה קיימת גם לגבי נכסים והכנסות בישראל שהיו קיימים בנאמנות במועד החזרה/עלייה, או שהוקנו לנאמנות במהלך תקופת ההטבה. (מקור: הוראת ביצוע מס הכנסה מס' 1/2010, סעיף 3.9.1.2, רכיב 3) | E24: 187-חוזר מ.ה 3.16 - מיסוי נאמנויות.pdf 630-תוספת 1 להוב 1-2010 - נאמנויות - לאחר תיקונים- לפרסום3 3 2015 doc A.pdf תוספת מס_ 1 להוראת ביצוע מס הכנסה מס_ 1-2010 דיווחים בנושא נאמנויות, קליטה וטיפול במשרדי השומה – בעקבות תיקון 197 לפקודה.pdf 387-הוב מס הכנסה מספר 1.2010 דיווחים בנושא נאמנויות קליטה וטיפול במשרדי השומה.pdf | F24: =F23 -> #REF! | H24: ציון 10 | K24: נאמנות שהוקמה לפני שנת 2014 על ידי יוצר שעלה לישראל לפני 2014 כתושב חוזר ותיק, זכאית להטבות המס של היוצר, בעיקר בכל הנוגע לפטורים מחובות דיווח על הכנסות ונכסים מחוץ לישראל. **1. סיווג הנאמנות:** * אם היוצר היה תושב חוץ בעת יצירת הנאמנות, היא סווגה במקור כ"נאמנות יוצר תושב חוץ" (לפי הדין שקדם לתיקון 197 לפקודה, שנכנס לתוקף ב-1.1.2014). (מקור: חוזר מס הכנסה מס' 3/2016, סעיף 7.1.1, רכיב 0) * כאשר היוצר הפך ל"יחיד מוטב" (תושב חוזר ותיק) לפני 2014, הנאמנות הופכת ל"נאמנות תושבי ישראל" בהתאם לסעיף 15ז(ה) לפקודה. (מקור: תוספת להוראת ביצוע מס הכנסה 1/2010, רכיבים 1, 2) * החל מ-1.1.2014, תיקון 197 שינה את ההגדרות, ובמסגרתו בוטל המעמד של "נאמנות יוצר תושב חוץ" והוגדרה "נאמנות תושבי חוץ". עם זאת, במקרה הנדון, השינוי בתושבות היוצר קדם לתיקון זה. (מקור: חוזר מס הכנסה מס' 3/2016, סעיף 7.1.3, רכיב 0; סעיף 5.1.2.1, רכיב 6) **2. זכאות להטבות המס של היוצר:** * "יחיד מוטב" (תושב ישראל לראשונה ותושב חוזר ותיק, כהגדרתם בסעיף 14א לפקודה) פטור מדיווח על הכנסות ונכסים מחוץ לישראל למשך 10 שנים ממועד עלייתו או חזרתו לישראל ("תקופת ההטבה"). (מקור: תוספת להוראת ביצוע מס הכנסה 1/2010, רכיבים 1, 2) * במקרים בהם נאמנות הפכה ל"נאמנות תושבי ישראל" לאחר שיוצר אחד בה היה ל"יחיד מוטב" (סעיף 15ז(ה) לפקודה), לא תקום חובה להגיש דוח שנתי על הכנסות הנאמנות או דוח על הון ונכסי הנאמנות, לגבי הכנסות ונכסים מחוץ לישראל בלבד, במשך תקופת ההטבה. (מקור: תוספת להוראת ביצוע מס הכנסה 1/2010, רכיבים 1, 2) **3. אירועי המס:** * המעבר של הנאמנות לסיווג של "נאמנות תושבי ישראל" בעקבות הפיכת היוצר ל"יחיד מוטב" משמעו שהכנסותיה ונכסיה של הנאמנות עשויים להיות כפופים לדיני המס הישראליים. עם זאת, הפטור מדיווח על הכנסות ונכסים מחוץ לישראל למשך 10 שנים, כפי שצוין לעיל, משליך גם על חבות המס בפועל על הכנסות אלו בתקופה זו. (מקור: תוספת להוראת ביצוע מס הכנסה 1/2010, רכיבים 1, 2) **4. חובות הדיווח:** * לגבי חובת הגשת הודעה על יצירת נאמנות או הקניית נכס לנאמנות על ידי "יחיד מוטב", והודעה על שינוי סוג של נאמנות ל"נאמנות תושבי ישראל" בעקבות עלייתו או חזרתו של "יחיד מוטב" לישראל, הוסדרו פטורים מפורשים מחובת מתן הודעות כאמור במסגרת סעיפים 15טז(1א), 15טז(1ג)(3) ו-15טז(3א)(3) לפקודה. (מקור: תוספת להוראת ביצוע מס הכנסה 1/2010, רכיבים 1, 2) * עם זאת, "יחיד מוטב" שיצר נאמנות לפני חזרתו או עלייתו לישראל, חייב בהגשת הודעה (טופס 147) על הכנסות ונכסים מחוץ לישראל שהיו קיימים בנאמנות במועד החזרה או העלייה, וכן על נכסים והכנסות שהוקנו לנאמנות במהלך תקופת ההטבה. הודעה זו תוגש עד 30.4 של השנה שלאחר תום תקופת ההטבה, או במועד הגשת הדוח לפי סעיף 131 לפקודה אם חלה עליו חובה כזו. (מקור: הוראת ביצוע מס הכנסה מס' 1/2010, סעיף 3.9.1.2, רכיב 3) * חובת דיווח דומה קיימת גם לגבי נכסים והכנסות בישראל שהיו קיימים בנאמנות במועד החזרה/עלייה, או שהוקנו לנאמנות במהלך תקופת ההטבה. (מקור: הוראת ביצוע מס הכנסה מס' 1/2010, סעיף 3.9.1.2, רכיב 3) | L24: 187-חוזר מ.ה 3.16 - מיסוי נאמנויות.pdf 630-תוספת 1 להוב 1-2010 - נאמנויות - לאחר תיקונים- לפרסום3 3 2015 doc A.pdf תוספת מס_ 1 להוראת ביצוע מס הכנסה מס_ 1-2010 דיווחים בנושא נאמנויות, קליטה וטיפול במשרדי השומה – בעקבות תיקון 197 לפקודה.pdf 387-הוב מס הכנסה מספר 1.2010 דיווחים בנושא נאמנויות קליטה וטיפול במשרדי השומה.pdf | M24: ='תגובות לטופס 9 רוני'!AX2 -> נכונה | N24: ='תגובות לטופס 9 רוני'!AY2 -> 10 | O24: ='תגובות לטופס 9 רוני'!AZ2 | P24: ='תגובות לטופס 9 רוני'!BA2 -> 10 | Q24: ='תגובות לטופס 9 רוני'!BB2 | R24: ='תגובות לטופס 9 רוני'!BC2 -> 10 | S24: ='תגובות לטופס 9 רוני'!BD2 | T24: ='תגובות לטופס 9 רוני'!BE2 -> 10 | ... W24: ='תגובות לטופס 9 רוני'!BH2 -> אפשר להסתמך.
A25: M05-Q02 | B25: ינון תתר | C25: בעסקת רווח הון הכוללת תמורה מותנית, מהו המועד המדויק למיסוי - במועד קבלת התמורה בפועל, במועד ההעברה לנאמן, במועד הזכאות, או מועד אחר? הסבר ונמק תוך ציטוט מפורש של הוראת/הוראות הביצוע, לרבות הפניה לפסיקה רלוונטית ככל שקיימת. | D25: תקציר מנהלים התשובה תלויה בשני צירים: (א) האם מדובר בתמורה ודאית שהופקדה בנאמנות, או בתמורה מותנית במובן המהותי של המונח; (ב) אם מותנית - האם נבחר מסלול ברירת המחדל או מסלול הדיווח החלופי. תמורה ודאית המופקדת בנאמנות ממוסה במועד המכירה ללא קשר למועד שחרורה מהנאמנות. תמורה מותנית, כברירת מחדל, ממוסה גם היא במועד המכירה (תוך 30 יום). רק אם נבחר מסלול הדיווח החלופי, ורק אם התמורה עומדת בתנאי הכשירות למסלול זה, נדחה מועד חישוב המס (לא מועד המכירה עצמו) למועד שבו התמורה המותנית שולמה בפועל או הפכה לוודאית - לפי המוקדם מבין השניים. הבחנה מקדימה: תמורה ודאית מול תמורה מותנית החוזר מבחין מפורשות בין שני מקרים: "תמורה עתידית" - תמורה בסכום קבוע וידוע מראש, שרק מועד תשלומה נדחה (לרבות תמורה שהופקדה בנאמנות להבטחת מצגים) - לבין "תמורה מותנית" - תמורה שעצם קיומה ו/או גובהה תלויים בהתרחשות אירוע עתידי לא ודאי. 📄 עסקה למכירת זכויות בתאגיד הכוללת תמורות שיועברו למוכר במועדים עתידיים (חוזר מ"ה 19/2018), סעיף 1.3 תמורה ודאית שהופקדה בנאמנות כאשר סכום התמורה נקוב וידוע מראש, אך הופקד בנאמנות עד להבטחת קיום מצגים שעליהם הסתמכה העסקה, החוזר קובע כי הפקדה בנאמנות אינה דוחה את מועד המיסוי: התמורה לצורכי מס היא מלוא הסכום שנקבע בעסקה, לרבות הסכומים שהופקדו בנאמנות; הריבית והפרשי ההצמדה שנצברו על הכספים בנאמנות מיום המכירה ועד לשחרורם למוכר מסווגים כהכנסות מימון נפרדות. מועד הדיווח הוא כאמור בסעיף 91(ד) לפקודה - תוך 30 יום ממועד המכירה - ללא תלות במועד שחרור הכספים מהנאמנות, בכפוף לאפשרות פקיד השומה, לפי שיקול דעתו, לאשר דחיית מועד תשלום המס בפועל (להבדיל ממועד הדיווח) בהתאם להוראות הפריסה שבפקודה. 📄 חוזר מ"ה 19/2018, סעיפים 3.1-3.2. כאשר תקופת ההחזקה בנאמנות חורגת משנה ממועד החתימה, נדרש דיווח נוסף על גבי טופס 2550. 📄 חוזר מ"ה 19/2018, סעיף 3.3 לכן, "מועד ההעברה לנאמן" אינו לבדו מועד המיסוי, ולהיפך - הפקדה בנאמנות של תמורה ודאית אינה דוחה את מועד המיסוי כלל. תמורה מותנית - מבחן הכשירות למסלול הדחייה לא כל תשלום המכונה "מותנה" נחשב כזה לצורך החוזר. החוזר קובע רשימת מקרים שבהם, על אף שהתשלום מנוסח כתלוי בתנאי, אין הוא נחשב "תמורה מותנית" ולכן לא חלים לגביו כללי הדחייה כלל - ובהם: תשלום שנדחה רק לקבלת אישור רגולטורי (כגון הרשות להגבלים עסקיים או בנק ישראל); חלק מהתמורה שהתקיימות התנאי לגביו קרובה לוודאי; תמורה בסכום קבוע וידוע מראש שרק מועד תשלומה בפועל אינו ודאי; מקרים שבהם ניתן לאמוד את סכום התמורה המותנית באופן מהימן כבר במועד המכירה; ותמורה ודאית שהופקדה בנאמנות (הנדונה בסעיף 3 לעיל). 📄 חוזר מ"ה 19/2018, סעיף 5.3. במקרים אלה חלה חובת הדיווח כברירת מחדל (סעיף 5.4 להלן) על מלוא הסכום, גם אם נוסח ההסכם מכנה אותו "מותנה". תמורה מותנית - ברירת מחדל "מאחר ואירוע המס מתרחש ביום המכירה, כברירת מחדל יש לדווח על כלל תמורות העסקה (לרבות רכיב התמורה המותנית) בתוך 30 ימים מיום המכירה, לפי סעיף 91(ד) לפקודה כאמור לעיל." 📄 חוזר מ"ה 19/2018, סעיף 5.4 תמורה מותנית - מסלול הדיווח החלופי (לבחירת הנישום) לאור אי-הוודאות בכימות התמורה המותנית, רשאי הנישום לבחור במסלול דיווח חלופי, בכפוף לעקרונות הבאים: רכיב התמורה המותנית אינו נכלל בחישוב רווח ההון במועד מכירת הנכס; לתמורה הוודאית בלבד מיוחסת מלוא עלות הנכס המקורי. 📄 חוזר מ"ה 19/2018, סעיף 5.5.1 מועד חישוב המס ותשלום המס לגבי רכיב התמורה המותנית יידחה למועד או למועדים שבהם תמורה זו (כולה או חלקים ממנה) ישולמו בפועל או שיהפכו לוודאיים, לפי המוקדם מבין השניים ("מועד חישוב המס של התמורה המותנית"); לרכיב זה תיוחס עלות בגובה אפס. 📄 חוזר מ"ה 19/2018, סעיף 5.5.2 דחיית מועד החישוב אינה יוצרת אירוע מס נוסף ואינה משנה את יום הרכישה ויום המכירה שנקבעו במסגרת עסקת המכירה המקורית (לרבות לעניין שיעורי המס החלים). ככל שהתמורה המותנית משולמת במט"ח, שער החליפין הרלוונטי הוא השער היציג במועד חישוב המס של התמורה המותנית (ולא במועד המכירה); סכום המס שיחול על רכיב התמורה המותנית יישא ריבית והפרשי הצמדה ממועד המכירה ועד למועד חישוב המס. 📄 חוזר מ"ה 19/2018, סעיף 5.5.3 הבחירה במסלול החלופי כפופה לבדיקת פקיד השומה כי אכן מדובר בתמורה מותנית, וליכולתו להבטיח את גביית המס העתידי - לרבות באמצעות דרישה למינוי נאמן שיבטיח את גביית המס בגין התמורה המותנית. 📄 חוזר מ"ה 19/2018, סעיף 5.5.4 ביצוע הדיווח החלופי כרוך בצירוף טופס 1390 (דיווח על רווח הון) לדיווח לפי סעיף 91(ד), הכולל: תיאור מבנה רכיב התמורה המותנית על תנאיו ומועדיו; התחייבות המוכר לדווח מדי שנה על התפתחויות רלוונטיות בהיקף התמורה המותנית; ובמועד שבו התמורה המותנית משולמת בפועל או הופכת לוודאית (לפי המוקדם) - דיווח נוסף ותשלום המס בהתאם. 📄 חוזר מ"ה 19/2018, סעיפים 5.5.5-5.5.5.4 מסקנה - מענה ישיר לשאלה "המועד המדויק למיסוי" תלוי בסיווג התמורה: (א) תמורה ודאית שהופקדה בנאמנות - מועד המכירה, ללא קשר למועד השחרור מהנאמנות; (ב) תמורה "מותנית" שאינה עומדת במבחני הכשירות (סעיף 5.3) - מועד המכירה, כמו כל תמורה אחרת; (ג) תמורה מותנית כשירה במסלול ברירת המחדל - מועד המכירה; (ד) תמורה מותנית כשירה שנבחר לגביה מסלול הדיווח החלופי - מועד חישוב המס נדחה למועד שבו התמורה שולמה בפועל או הפכה לוודאית, לפי המוקדם מבין השניים - בעוד שמועד המכירה עצמו (לצורך יום הרכישה, שיעורי המס ורצף ההחזקה) אינו משתנה. "מועד הזכאות" (התגבשות התנאי) הוא אפוא רלוונטי רק במסלול (ד), ורק כרכיב במבחן "המוקדם מבין" מול מועד התשלום בפועל. | E25: עסקה למכירת זכויות בתאגיד הכוללת תמורות שיועברו למוכר במועדים עתידיים (חוזר מס הכנסה מספר 19/2018), סעיפים 1.3, 3.1-3.3, 5.3, 5.4, 5.5-5.5.5.4 | G25: תשובת זהב של RAG תוקנה בעזרת claude: א) תיקון מספרי הסעיפים השגויים (4.4.2/4.4.3/4.4.4.3, שאינם קיימים בהקשר זה - סעיף 4 עוסק בתמורה עתידית ידועה במט"ח בלבד) לסעיפים הנכונים - 5.5.2, 5.5.3 ו-5.5.5.3 - לאחר אימות ישיר מול נוסח חוזר 19/2018 המקורי, וכן הוספת סעיפים 5.5.1, 5.5.4 ו-5.5.5.1-5.5.5.4 שהושמטו. ב) הוספת שני רבדים שהתשובה המקורית התעלמה מהם לחלוטין אך השאלה מתייחסת אליהם במפורש: תרחיש התמורה הודאית המופקדת בנאמנות (סעיף 3 - שם ההפקדה בנאמנות אינה דוחה את מועד המיסוי), ומבחן הכשירות הקובע מתי תמורה "מותנית" לכאורה כלל אינה נחשבת ככזו (סעיף 5.3). | H25: לא נבדק | I25: תקציר מנהלים לפי חוזר מס הכנסה 19/2018, נקודת המוצא היא שמועד אירוע המס הוא מועד המכירה, ולא מועד קבלת התמורה בפועל. עם זאת, לגבי תמורה מותנית רשאי הנישום לבחור במסלול דיווח חלופי, שלפיו חישוב המס בגין רכיב זה יידחה למועד שבו התמורה תשולם בפועל או תהפוך לוודאית — לפי המוקדם. ההבחנה בין סוגי התמורה 1. תמורה ודאית שהועברה לנאמן החוזר קובע כברירת מחדל: “מאחר ואירוע המס מתרחש ביום המכירה, כברירת מחדל יש לדווח על כלל תמורות העסקה (לרבות רכיב התמורה המותנית) בתוך 30 ימים מיום המכירה...” 📄 עסקה למכירת זכויות בתאגיד הכוללת תמורות שיועברו למוכר במועדים עתידיים (חוזר מ"ה 19/2018)ציטוט ▼ מכאן, העברה לנאמן אינה, כשלעצמה, מועד המיסוי. אם מדובר בתמורה ודאית שנקבעה בעסקה, היא נכללת, לפי ברירת המחדל, בתמורת העסקה במועד המכירה — גם אם הכספים טרם הועברו בפועל למוכר. עם זאת, הקטע שאותר במאגרי מיסים אונליין אינו כולל את מלוא ההסדר הספציפי בחוזר ביחס לתמורה ודאית שהופקדה בנאמנות. לכן, על סמך הקטע שאוחזר, ניתן לקבוע את כלל ברירת המחדל, אך לא לצטט במדויק הוראה נפרדת העוסקת בכל תנאי הנאמנות. 2. תמורה מותנית — ברירת המחדל גם לגבי תמורה מותנית, ברירת המחדל בחוזר היא שמועד אירוע המס הוא מועד המכירה, ויש לדווח על כלל התמורות כאילו הן חלק מתמורת העסקה במועד זה: “מאחר ואירוע המס מתרחש ביום המכירה, כברירת מחדל יש לדווח על כלל תמורות העסקה (לרבות רכיב התמורה המותנית) בתוך 30 ימים מיום המכירה...” 📄 עסקה למכירת זכויות בתאגיד הכוללת תמורות שיועברו למוכר במועדים עתידיים (חוזר מ"ה 19/2018)ציטוט ▼ כלומר, לפי מסלול ברירת המחדל, אין להמתין לקבלת הכסף בפועל או להתגבשות הזכאות. 3. תמורה מותנית — מסלול הדיווח החלופי החוזר מאפשר לנישום לבחור במסלול מיוחד, שנועד למקרים שבהם התמורה המותנית אינה ודאית או אינה ניתנת לכימות: “לאור העובדה כי במקרים רבים התמורה המותנית אינה וודאית ו/או לא ניתנת לכימות וכן ייתכן שתתקבל לאחר שנים... רשאי הנישום לבחור לדווח על רווח ההון בגין רכיב התמורה המותנית, במסלול דיווח חלופי...” 📄 עסקה למכירת זכויות בתאגיד הכוללת תמורות שיועברו למוכר במועדים עתידיים (חוזר מ"ה 19/2018)ציטוט ▼ לפי העיקרון המצוטט בחוזר: “רכיב התמורה המותנית לא יהווה חלק מהתמורה לעניין חישוב רווח ההון והמס הנובע ממנו במועד מכירת הנכס (מועד אירוע המס).” 📄 עסקה למכירת זכויות בתאגיד הכוללת תמורות שיועברו למוכר במועדים עתידיים (חוזר מ"ה 19/2018)ציטוט ▼ בהמשך הדוגמה שבחוזר, התמורה המותנית הותנתה בצליחת אבן דרך; לאחר שהאבן נחצתה ושולמה התמורה, חושב המס בגינה במועד המאוחר שבו התגבשה התמורה: “בדיעבד, ביום 1.1.2020 צלח התאגיד את אבן הדרך האמורה ובהתאם לכך שולם לו סך של $100.” 📄 עסקה למכירת זכויות בתאגיד הכוללת תמורות שיועברו למוכר במועדים עתידיים (חוזר מ"ה 19/2018)ציטוט ▼ מהו המועד המדויק במסלול החלופי? על סמך הוראות החוזר שאותרו, המועד הוא המוקדם מבין: מועד תשלום התמורה המותנית בפועל; או המועד שבו התמורה הפכה לוודאית או התגבשה הזכאות לקבלתה. עם זאת, הנוסח המלא והמדויק של סעיף 5.5.2 בחוזר — שבו מופיעה במפורש נוסחת “המוקדם מבין” — לא אותר בקטע הישיר של החוזר שנשלף ממאגרי מיסים אונליין. לכן, את הניסוח המדויק של סעיף 5.5.2 איני יכול לצטט כאן מילה במילה על בסיס הקטעים הישירים שאוחזרו. ההכרעה המעשית תמורה ודאית: ככלל, מיסוי במועד המכירה; העברה לנאמן אינה יוצרת, לפי ברירת המחדל, מועד מיסוי חדש. תמורה מותנית במסלול ברירת המחדל: מיסוי במועד המכירה, אף אם טרם שולמה. תמורה מותנית במסלול הדיווח החלופי: מועד חישוב המס בגין רכיב זה נדחה למועד שבו התמורה שולמה בפועל או הפכה לוודאית — לפי המוקדם. הדחייה מתייחסת למועד חישוב המס בגין הרכיב המותנה; אין בכך, לפי מבנה החוזר, יצירת עסקת מכירה חדשה. לבקשתך נעשה שימוש בהוראות ביצוע בלבד; לא נכללה פסיקה. על סמך מאגרי מיסים אונליין, חסר בקטע שאוחזר הנוסח המלא של סעיף 5.5.2 לחוזר, וכן הניסוח המלא של ההוראה הנוגעת לתמורה ודאית המופקדת בנאמנות. | J25: עסקה למכירת זכויות בתאגיד הכוללת תמורות שיועברו למוכר במועדים עתידיים (חוזר מ"ה 19/2018) ציטוט ▲ · עסקאות בהן נקבע כי סכומי תמורה נקובים (תמורות ודאיות) יופקדו בנאמנות עד להבטחת קיום מצגים אשר בהסתמך על התקיימותם נחתמה עסקה (ראו כאמור סעיף 3 לעיל ). 5.4 מאחר ואירוע המס מתרחש ביום המכירה, כברירת מחדל יש לדווח על כלל תמורות העסקה (לרבות רכיב התמורה המותנית) בתוך 30 ימים מיום המכירה, לפי סעיף 91(ד) לפקודה כאמור לעיל. 5.5 יחד עם זאת, לאור העובדה כי במקרים רבים התמורה המותנית אינה וודאית ו/או לא ניתנת לכימות וכן ייתכן שתתקבל לאחר שנים (לעיתים גם לאחר ששנת המס הרלוונטית התיישנה), ומתוך רצון ליצירת פשטות וודאות, רשאי הנישום לבחור לדווח על רווח ההון בגין רכיב התמורה המותנית, במסלול דיווח חלופי | K25: לא נבדק | L25: לא נבדק
A26: M10-Q05 | B26: עופר בכר | C26: חברה שקיבלה בעבר אישור 'חברה מיוחדת' מבקשת לחדשו. אילו תנאים יש לבחון לפני החידוש? מה עליי לבקש כסימוכין? | D26: לפני חידוש אישור 'חברה מיוחדת', יש לבחון שני רבדים: (א) עמידה מחודשת בתנאי הסף הבסיסיים להכרה כ'חברה מיוחדת' מלכתחילה, ו-(ב) עמידה בתנאים הספציפיים החלים על חידוש אישור קיים. א. תנאי הסף הבסיסיים - יש לוודא עמידה מחודשת בהם: התאגדות ותושבות: החברה רשומה בישראל והיא תושבת ישראל. פעילות מוכחת בישראל: לחברה פעילות מוכחת בישראל של לפחות 5 שנים באותו תחום עיסוק. מחזור עסקים: מחזור העולה על 10 מיליון דולר בכל אחת משלוש שנות המס שקדמו להגשת הבקשה (פקיד השומה רשאי לאפשר חישוב לפי ממוצע תלת-שנתי). דוחות כספיים: בכל הדוחות הכספיים לשלוש שנות המס שקדמו לבקשה, לא הייתה הימנעות או הסתייגות מהותית של רואה החשבון המבקר. דיווח ותשלומי מס: החברה מגישה את כל הדוחות במועד, ואין לה חובות מס - לרבות מס שבח או חובות ניכויים - להוציא חובות בהסדר. אישור פקיד השומה: האישור ניתן על ידי פקיד השומה עצמו. ב. תנאים ספציפיים לחידוש אישור קיים: ביקורות מס: בביקורות שנערכו לחברה ב-5 השנים האחרונות (ביקורות ניכויים, הכנסה וביקורות שומה) לא התגלו ממצאים בנושא ניכוי מס במקור בכלל, ובפרט בניכוי מס מהעברות לחו"ל. הליכים פליליים: כנגד החברה לא מתנהלים כל חקירה ו/או הליך בתחום הפלילי. עמידה שוטפת בסעיף 4 לתוספת להוראת ביצוע 34/93: פקיד השומה יבחן כי החברה נהגה בעבר ונוהגת באופן שוטף בהתאם לסעיף 4, וכי ביצעה את המוטל עליה באותו סעיף. הבדיקה כוללת, בין היתר: ניהול ספר העברות לחו"ל, בו נרשמות כסדרן כל ההעברות; פרטי מקבל התשלום בכל העברה, לרבות ציון אם מדובר בגוף קשור; הפניה למסמכי המקור של כל העברה; רישום סכומי המס שנוכו ושיעורי הניכוי בפועל; קיום אישור מתאים לכל בקשה שהוגשה לבנק להעברת תשלום לחו"ל; בדיקה מצד בעלי התפקידים שהוסמכו מטעם החברה כי התקיימו התנאים להעברה, בטרם ביצועה; שמירה מסודרת של כל המסמכים המאמתים, בצירוף למסמכי ההעברה. אחריות לתשלום מס: יודגש כי אם הועברו סכומים לחו"ל ללא ניכוי מס או בניכוי בשיעור מופחת, ויתברר כי היה על החברה לנכות מס במקור בשיעור גבוה מהשיעור שנוכה - החברה תהיה אחראית לתשלום המס. האישור אינו גורע מחובות אלו. כסימוכין, על החברה לספק תיעוד והצהרות כדלקמן: לגבי תנאי הסף הבסיסיים: מסמכי התאגדות ואישור תושבות ישראלית; אסמכתאות לפעילות מוכחת בישראל לאורך 5 שנים לפחות באותו תחום עיסוק; דוחות כספיים מבוקרים לשלוש שנות המס שקדמו לבקשה, כולל נתוני מחזור לכל שנה (או חישוב ממוצע תלת-שנתי, אם מבוקש); אישור רואה החשבון המבקר כי לא נכללה בדוחות הימנעות או הסתייגות מהותית; אישורי הגשת דוחות במועד, ואישור על היעדר חובות מס וחובות ניכויים - או פרטי הסדר תשלומים קיים ותיעוד עמידה בו. לגבי תנאי החידוש הספציפיים: הצהרה על היעדר ממצאים בביקורות ניכויים, הכנסה ושומה שנערכו ב-5 השנים האחרונות בנושא ניכוי מס במקור מהעברות לחו"ל; הצהרה על היעדר חקירות או הליכים פליליים כנגד החברה ו/או מנהליה; ספר ההעברות לחו"ל לכל תקופת האישור הקודמת, כולל פרטי מקבלי התשלום, מסמכי מקור, וסכומי/שיעורי הניכוי; דגימה של אישורי בנק שנלוו בפועל לבקשות להעברת תשלומים; פרטי בעלי התפקידים שהוסמכו לאשר העברות, ואישור כי נבדקו התנאים להעברה בטרם ביצועה; אישור פנימי בדבר שמירה מסודרת של כלל המסמכים המאמתים; הצהרה/אישור כי החברה מודעת לאחריותה הנמשכת לתשלום מס במקרה של ניכוי חסר או שגוי, חרף קיום האישור. | E26: ה"ב 34/93(1) 26.1.98 - ניכוי מס במקור מתשלומים לתושבי חוץ ניכוי מס במקור מתשלומים לתושב חוץ - חברות מיוחדות הארכת תוקף ההוראות שבתוספת 1 להוראות ביצוע 34/93 (ה"ב 34/93-2) | G26: תשובת זהב של RAG תוקנה בעזרת claude: א) תיקון טעות מספרית - "3 השנים האחרונות" הוחלף ב-"5 השנים האחרונות" לתקופת בדיקת הביקורות, בהתאם ללשון המדויקת של ה"ב 34/93-2, וכן הוספת פירוט מלא של דרישות ניהול ספר ההעברות לפי סעיף 4 (פרטי מקבל, מסמכי מקור, סכומי ניכוי, אישורי בנק, בעלי תפקידים מוסמכים, שמירת מסמכים) שהתשובה המקורית הזכירה רק באופן כללי. ב) הוספת רובד שלם שהושמט לחלוטין - תנאי הסף הבסיסיים להכרה כ"חברה מיוחדת" מלכתחילה (התאגדות ותושבות, 5 שנות פעילות, מחזור 10 מיליון דולר, דוח כספי ללא הסתייגות מהותית, היעדר חובות מס, אישור פקיד השומה) - שיש לוודא עמידה מחודשת בהם גם במסגרת חידוש, ולא רק את התנאים הספציפיים לחידוש עצמו. | H26: לא נבדק | I26: תקציר מנהלים בחידוש אישור "חברה מיוחדת" יש לבחון שני רבדים: עמידה מחודשת בתנאים הבסיסיים של הוראת ביצוע 34/93, וכן עמידה בתנאים המיוחדים שנקבעו לחברה שכבר קיבלה אישור בעבר. התנאי המרכזי בחידוש הוא בדיקה שהחברה נהגה בעבר ונוהגת באופן שוטף בהתאם לחובות החלות על חברה מיוחדת, וביצעה את כל המוטל עליה לפי סעיף 4 לתוספת להוראה. השאלה המשפטית אילו תנאים יש לבדוק לפני חידוש אישור "חברה מיוחדת", ואילו מסמכים ואסמכתאות יש לדרוש מהחברה לצורך הבדיקה, בהתאם להוראות ביצוע בלבד. המסגרת הנורמטיבית הוראת ביצוע 34/93 קובעת את התנאים הבסיסיים להכרה בחברה כ"חברה מיוחדת": "כ'חברה מיוחדת' תחשב חברה העונה על כל התנאים הבאים: (1) חברה הרשומה בישראל והיא תושבת ישראל. (2) לחברה פעילות מוכחת בישראל של לפחות 5 שנים באותו תחום עיסוק. (3) לחברה מחזור העולה על 10 מליון דולר בכל אחת משלוש שנות המס שקדמו להגשת הבקשה להחשב כחברה מיוחדת. פקיד השומה רשאי לאפשר עריכת ממוצע תלת שנתי. (4) בכל הדו"חות הכספיים לשלוש שנות המס שקדמו להגשת הבקשה, לא הייתה הימנעות או הסתייגות מטריאלית של רואה החשבון המבקר. (5) החברה מגישה לרשויות המס את כל הדו"חות במועד, ואין לה חובות מס כולל מס שבח או חובות ניכויים כמשמעותם בפקודה, להוציא חובות בהסדר. (6) פקיד השומה בעצמו אישר את בקשתה של החברה להחשב כחברה מיוחדת." 📄 ה"ב 34/93(1) 26.1.98 ניכוי מס במקור מתשלומים לתושבי חוץציטוט ▼ הוראת הביצוע קובעת גם כי ההסדר עשוי לחול על חברת בת בשליטה מלאה, בכפוף לכך שהחברה המיוחדת קיבלה על עצמה בכתב את החובות וההתחייבויות של חברת הבת בקשר להעברת התשלום לחו"ל. 📄 ה"ב 34/93(1) 26.1.98 ניכוי מס במקור מתשלומים לתושבי חוץציטוט ▼ לעניין חברה שכבר קיבלה אישור בעבר, הוראת הביצוע להארכת תוקף קובעת: "אם החברה קיבלה אישור חברה מיוחדת בשנים קודמות - פקיד השומה יבחן טרם אישור הבקשה מחדש, כי החברה התנהגה בעבר ומתנהגת באופן שוטף בהתאם לסעיף 4 לתוספת להוראות ביצוע מספר 34/93 וכי ביצעה את המוטל עליה באותו סעיף." 📄 ניכוי מס במקור מתשלומים לתושב חוץ - חברות מיוחדות הארכת תוקף ההוראות שבתוספת 1 להוראות ביצוע 34/93 (ה"ב 34/93-2)ציטוט ▼ אותה הוראת ביצוע מוסיפה תנאים לבדיקה טרם ההארכה: "בביקורות שנערכו לחברות ב-5 השנים האחרונות, ביקורות ניכויים, הכנסה וביקורות שומה, לא התגלו ממצאים בנושא ניכוי מס במקור בכלל ובניכוי מס מהעברות לחו"ל בפרט." 📄 ניכוי מס במקור מתשלומים לתושב חוץ - חברות מיוחדות הארכת תוקף ההוראות שבתוספת 1 להוראות ביצוע 34/93 (ה"ב 34/93-2)ציטוט ▼ וכן: "כנגד החברה לא מתנהלים כל חקירה/הליך בתחום הפלילי." 📄 ניכוי מס במקור מתשלומים לתושב חוץ - חברות מיוחדות הארכת תוקף ההוראות שבתוספת 1 להוראות ביצוע 34/93 (ה"ב 34/93-2)ציטוט ▼ בנוסף, נקבע כי יש להבהיר באישור שהחברה נותרת אחראית לתשלום המס אם העבירה סכומים לחו"ל ללא ניכוי או בניכוי מופחת, והתברר שהיה עליה לנכות מס בשיעור גבוה יותר. 📄 ניכוי מס במקור מתשלומים לתושב חוץ - חברות מיוחדות הארכת תוקף ההוראות שבתוספת 1 להוראות ביצוע 34/93 (ה"ב 34/93-2)ציטוט ▼ ניתוח משפטי 1. תנאי הסף של "חברה מיוחדת" לפני חידוש האישור יש לבדוק מחדש, ככל שנדרש, את התנאים הבאים: התאגדות ותושבות – החברה רשומה בישראל והיא תושבת ישראל. פעילות מוכחת בישראל – לפחות חמש שנות פעילות בישראל באותו תחום עיסוק, לפי נוסח הוראת הביצוע משנת 1998. 📄 ה"ב 34/93(1) 26.1.98 ניכוי מס במקור מתשלומים לתושבי חוץציטוט ▼ מחזור פעילות – מחזור העולה על 10 מיליון דולר בכל אחת משלוש שנות המס שקדמו לבקשה; הוראת הביצוע מאפשרת לפקיד השומה לשקול חישוב לפי ממוצע תלת־שנתי. סכום זה מופיע בהוראת הביצוע משנת 1998, ולכן יש לוודא מול ההוראה או ההארכה החלה בפועל במועד החידוש. 📄 ה"ב 34/93(1) 26.1.98 ניכוי מס במקור מתשלומים לתושבי חוץציטוט ▼ היעדר הסתייגות או הימנעות מהותית בדוחות הכספיים – בשלושת הדוחות הכספיים שקדמו לבקשה לא הייתה הימנעות או הסתייגות מטריאלית של רואה החשבון המבקר. 📄 ה"ב 34/93(1) 26.1.98 ניכוי מס במקור מתשלומים לתושבי חוץציטוט ▼ דיווחים ותשלומי מס – החברה הגישה את כל הדוחות לרשויות המס במועד, ואין לה חובות מס, לרבות מס שבח וחובות ניכויים, למעט חובות המצויים בהסדר. 📄 ה"ב 34/93(1) 26.1.98 ניכוי מס במקור מתשלומים לתושבי חוץציטוט ▼ אישור פקיד השומה – האישור צריך להינתן על ידי פקיד השומה עצמו. 📄 ה"ב 34/93(1) 26.1.98 ניכוי מס במקור מתשלומים לתושבי חוץציטוט ▼ 2. תנאים מיוחדים לחידוש אישור קיים במקרה של חברה שקיבלה אישור בשנים קודמות, אין להסתפק בבדיקת תנאי הסף בלבד. יש לבדוק את ההתנהלות ההיסטורית והשוטפת של החברה לפי סעיף 4 לתוספת להוראת ביצוע 34/93. 📄 ניכוי מס במקור מתשלומים לתושב חוץ - חברות מיוחדות הארכת תוקף ההוראות שבתוספת 1 להוראות ביצוע 34/93 (ה"ב 34/93-2)ציטוט ▼ במסגרת זו יש לבחון: האם החברה ניהלה ספר העברות לחו"ל; האם נרשמו בו כל ההעברות לפי סדרן; האם נכללו פרטי מקבל התשלום, לרבות ציון אם מדובר בגוף קשור; האם קיימת הפניה למסמכי המקור; האם נרשמו סכומי המס שנוכו ושיעורי הניכוי; האם כל בקשה לבנק להעביר תשלום לחו"ל לוותה באישור המתאים; האם בעלי התפקידים שהוסמכו מטעם החברה בדקו שהתקיימו התנאים להעברה; האם החברה שמרה באופן מסודר את כל המסמכים המאמתים, בצירוף למסמכי ההעברה. 📄 ה"ב 34/93(1) 26.1.98 ניכוי מס במקור מתשלומים לתושבי חוץציטוט ▼ 3. ביקורות, ממצאים והליכים פליליים לפי הוראת הביצוע להארכת התוקף, יש לבדוק את תוצאות ביקורות הניכויים, מס ההכנסה וביקורות השומה שנערכו בחמש השנים האחרונות. הבדיקה צריכה להתמקד במיוחד בממצאים הנוגעים לניכוי מס במקור ולניכוי מס מהעברות לחו"ל. 📄 ניכוי מס במקור מתשלומים לתושב חוץ - חברות מיוחדות הארכת תוקף ההוראות שבתוספת 1 להוראות ביצוע 34/93 (ה"ב 34/93-2)ציטוט ▼ יש לבדוק גם שאין נגד החברה חקירה או הליך בתחום הפלילי. 📄 ניכוי מס במקור מתשלומים לתושב חוץ - חברות מיוחדות הארכת תוקף ההוראות שבתוספת 1 להוראות ביצוע 34/93 (ה"ב 34/93-2)ציטוט ▼ הוראות ביצוע מאוחרות יותר שהופיעו במאגרי מיסים אונליין כוללות בנוסח תנאי בדיקה של שלוש שנים וכן התייחסות לחברה ולמנהליה, אך הן אינן הוראות הביצוע המקוריות אלא מסמכי הארכת תוקף. מאחר שהתבקשה תשובה המבוססת על הוראות ביצוע בלבד, הבסיס המפורש בתשובה הוא הוראת ביצוע 34/93 והוראת הביצוע להארכתה משנת 2007. אילו אסמכתאות לבקש מהחברה מומלץ לדרוש מהחברה חבילת מסמכים מסודרת, שתאפשר לבדוק כל תנאי בנפרד: א. מסמכי הבקשה וההרשאה בקשה מחודשת על גבי הטופס המתאים; הצהרה חתומה כי החברה עומדת בתנאים; פירוט שמות בעלי התפקידים שהוסמכו מטעם החברה לאשר לבנקים העברות לחו"ל; החלטת דירקטוריון או מסמך תאגידי המאשר את הגשת הבקשה והסמכת בעלי התפקידים. הוראת הביצוע קובעת שהחברה מגישה בקשה על גבי טופס כדוגמת נספח ג', ובה מצהירה, בין היתר, על עמידתה בתנאים ומפרטת את בעלי התפקידים המוסמכים. 📄 ה"ב 34/93(1) 26.1.98 ניכוי מס במקור מתשלומים לתושבי חוץציטוט ▼ ב. הוכחת תנאי הסף מסמכי התאגדות ורישום בישראל; מסמך המעיד על תושבות ישראלית; תיאור הפעילות בישראל לאורך חמש שנים לפחות; דוחות כספיים לשלוש שנות המס הרלוונטיות; אישור רואה החשבון המבקר שאין בדוחות הימנעות או הסתייגות מטריאלית; נתוני מחזור לכל אחת משלוש שנות המס שקדמו לבקשה, או חישוב ממוצע תלת־שנתי אם מבוקשת הפעלת שיקול הדעת בעניין זה; דוחות המס שהוגשו לרשויות המס; אישורי היעדר חובות מס וחובות ניכויים, או הסכמי הסדר ותיעוד עמידה בתשלומים לפי ההסדר. ג. בדיקת העבר כחברה מיוחדת יש לבקש: את האישור הקודם ואת כל אישורי ההארכה הקודמים; את ספר ההעברות לחו"ל לכל תקופת האישור הקודמת; דגימה של העברות שבוצעו בפועל; מסמכי המקור של ההעברות; אישורי הבנק שנלוו לבקשות להעברת תשלומים; חישובי ניכוי המס ואסמכתאות לניכוי שבוצע; רשימת מקבלי התשלומים, לרבות ציון גופים קשורים; פרטי בעלי התפקידים שאישרו את ההעברות; הצהרה או אישור פנימי בדבר שמירת המסמכים המאמתים. דרישות אלה נגזרות ישירות מחובות החברה לפי סעיף 4 לתוספת, ובפרט מהחובה לנהל ספר העברות ולשמור את המסמכים המאמתים. 📄 ה"ב 34/93(1) 26.1.98 ניכוי מס במקור מתשלומים לתושבי חוץציטוט ▼ ד. ביקורות והליכים רשימת ביקורות ניכויים, ביקורות הכנסה וביקורות שומה שנערכו בחמש השנים האחרונות; דוחות ביקורת, תרשומות סיום ומכתבי ממצאים; הצהרה בדבר היעדר ממצאים בנושא ניכוי מס במקור, ובפרט העברות לחו"ל; הצהרה מטעם החברה בדבר היעדר חקירה או הליך פלילי; לפי הצורך, אסמכתאות רשמיות המאשרות את היעדרם של הליכים כאמור. מסקנה והמלצות לפני חידוש האישור יש לבצע בדיקת חידוש מלאה, ולא להסתפק באישור היסטורי. לכל הפחות יש לאמת: עמידה מחודשת בתנאי הסף של החברה המיוחדת; היעדר ממצאים רלוונטיים בביקורות; היעדר חקירה או הליך פלילי; ניהול תקין של ספר ההעברות; תיעוד ואישור של כל העברה לחו"ל; שמירת מסמכי המקור; הגשת דוחות ותשלום חובות המס, למעט חובות שבהסדר; זהות בעלי התפקידים המוסמכים ועדכניות הרשאותיהם. על סמך מאגרי מיסים אונליין, לא אותרה הוראת ביצוע מאוחרת יותר הקובעת את התנאים החלים בשנת 2026. לכן, יש לאמת לפני מתן האישור שהוראת ביצוע 34/93 והוראת ההארכה שאותרה עדיין משמשות בסיס מנהלי תקף לחידוש המבוקש. | J26: ה"ב 34/93(1) 26.1.98 ניכוי מס במקור מתשלומים לתושבי חוץ ציטוט ▲ נוהל אישור לחברה מיוחדת ושלילת אישור 1 החברה תגיש בקשה על גבי טופס כדוגמת נספח ג', בו תצהיר בין היתר כי היא עומדת בכל התנאים המוקדמים ותפרט את שמות בעלי התפקידים שהוסמכו מטעמה לאשר לבנקים העברת תשלומים לחו"ל. פקיד השומה רשאי שלא לאשר בקשה, אף אם נתמלאו התנאים המוקדמים, וזאת מטעמים מיוחדים שיובאו לידיעת החברה. כמו כן רשאי פקיד השומה לשלול או להפסיק תוקפו של אישור אם לדעתו פסקה זכאותה של החברה להחשב כמיוחדת. אישור לחברה מיוחדת יינתן בנוסח כנספח ד'. העתק האישור והבקשה יישלחו אל מחלקת ניכויים נמ"ה. 4. חובות והתחייבויות של "חברה מיוחדת" 1 (1) החברה תנהל ספר העברות לחו"ל, בו יירשמו כסדרן כל העברה 📄 ניכוי מס במקור מתשלומים לתושב חוץ - חברות מיוחדות הארכת תוקף ההוראות שבתוספת 1 להוראות ביצוע 34/93 (ה"ב 34/93-2) ציטוט ▲ הוראות בצוע - מס הכנסה ה"ב 34/93(2) – 26.3.07.– ניכוי מס במקור מתשלומים לתושב חוץ - חברות מיוחדות הארכת תוקף ההוראות שבתוספת 1 להוראות ביצוע 34/93 מיסים כא/2 ג-144 ראש מנהל מקצועי ז' ניסן, תשס"ז 26.3.2007 אל: פקידי השומה הנדון: ניכוי מס במקור מתשלומים לתושב חוץ - חברות מיוחדות הארכת תוקף ההוראות שבתוספת 1 להוראות ביצוע 34/93 תוקפה של ההוראה שבנדון ביחס לחברות מיוחדות מוארך בזאת עד יום 30.9.2007 , בכפוף לעמידה בתנאים הבאים בנוסף לנדרש על פי ההוראות: 1. בביקורות שנערכו לחברות ב-5 השנים האחרונות, ביקורות ניכויים, הכנסה וביקורות שומה, לא התגלו ממצאים בנושא ניכוי מס במקור בכלל ובניכוי מס מהעברות | K26: לא נבדק | L26: לא נבדק
B27: שאלה ותשובה ממיסוי און ליין | C27: אם חברה נותנת הלוואה לחברה קשורה , צריך לחיב את החברה בהכנסות מריבית רעיונית 3(י)? | D27: כן, ככלל חברה המעמידה הלוואה לחברה קשורה ללא ריבית או בריבית נמוכה מחויבת לבחון חיוב בהכנסה מריבית רעיונית לפי סעיף 3(י), אצל החברה המלווה. לפי חוזר מ"ה 13/2018: סדר הבדיקה: יש לבדוק תחילה האם מדובר בעסקה בינלאומית שעליה חל סעיף 85א; אם סעיף 85א אינו חל, יש לבדוק תחילה את סעיף 3(ט), ולאחר מכן את סעיף 3(י). מובהר בחוזר כי סעיפים 3(ט) ו-3(י) יחולו גם לגבי הלוואות שהן עסקאות בינלאומיות שסעיף 85א אינו חל עליהן. 📄 הלוואה בריבית נמוכה: יישום הוראות סעיפים 3(ט), 3(י) ו-85א לפקודה לאור תיקונים 164 ו-185 לפקודה (חוזר מ"ה 13/2018) תנאי "יחסים מיוחדים": תחולת סעיף 3(י) מותנית בקיום יחסים מיוחדים, הכוללים: (א) יחסים שבין אדם לקרובו; (ב) שליטה של אחד מהצדדים להלוואה בצד האחר; או (ג) מצב שבו שני הצדדים להלוואה נמצאים בשליטת אותו אדם. "שליטה" לעניין זה מוגדרת כהחזקה של 5% או יותר, במישרין או בעקיפין, באחד או יותר מאמצעי השליטה, ביום אחד לפחות בשנת המס. 📄 חוזר מ"ה 13/2018 חיוב בהכנסה: אם ההלוואה היא ללא ריבית או בריבית נמוכה מהשיעור שנקבע - יש לזקוף למלווה הכנסה בגובה הפרש הריבית. בהיעדר תחולת פרק ב' לחוק התיאומים על מקבל ההלוואה, שיעור הריבית הקובע לצורך חישוב ההפרש הוא 75% משיעור העלות הכוללת הממוצעת לאשראי הלא צמוד הניתן על ידי הבנקים. 📄 חוזר מ"ה 13/2018; חישוב הכנסה לפי סעיפים 3(ט) ו-3(י) לפקודת מס הכנסה בשנת המס 2003 (ה"ב 18/04) מתי סעיף 3(י) אינו חל: החוזר קובע רשימה סגורה של מקרים שבהם סעיף 3(י) אינו חל, ובהם: חוב של לקוחות או חוב של ספקים בשל שירותים או נכסים; הלוואה שסעיף 3(ט) חל עליה; הלוואה שניתנה על ידי מוסד ציבורי למטרתו הציבורית; הלוואה במסגרת עסקה בינלאומית שחל עליה סעיף 85א; הלוואה שאינה צמודה למדד, שניתנה על ידי חבר בני אדם לחבר בני אדם שבשליטתו, כנגד שטר הון, לתקופה של 5 שנים לפחות - חריג משמעותי ורלוונטי במיוחד לתכנון מבנה הלוואות בין חברות קשורות; מכשירים מסוימים שניתנו לפני ביטול חוק התיאומים (עד שנת 2008), בכפוף לתנאים שנקבעו. 📄 חוזר מ"ה 13/2018 חישוב ההכנסה: הוראת הביצוע בעניין חישוב ההכנסה לפי סעיפים 3(ט) ו-3(י) מבהירה כי כאשר מתקיימים תנאי סעיף 3(י), יש לחשב את ההכנסה לפי ההפרש בין הריבית שנקבעה בהלוואה לבין שיעור הריבית הרלוונטי לפי התקנות. 📄 ה"ב 18/04 לכן: בהלוואה מקומית בין חברות קשורות (במצב של שליטה הדדית או שליטה משותפת), שאינה חוב מסחרי של לקוח או ספק, אינה כפופה לסעיף 3(ט), אינה עסקה בינלאומית הכפופה לסעיף 85א, ואינה מובנית כשטר הון עומד בתנאי החריג (5 שנים ומעלה, ללא הצמדה) - יש לחייב את החברה המלווה בהכנסה מריבית רעיונית לפי סעיף 3(י), בשיעור המחושב לפי 75% מהעלות הממוצעת לאשראי בנקאי לא צמוד (בהיעדר תחולת חוק התיאומים על מקבל ההלוואה). | E27: הלוואה בריבית נמוכה: יישום הוראות סעיפים 3(ט), 3(י) ו-85א לפקודה לאור תיקונים 164 ו-185 לפקודה (חוזר מ"ה 13/2018) חישוב הכנסה לפי סעיפים 3(ט) ו-3(י) לפקודת מס הכנסה בשנת המס 2003 (ה"ב 18/04) | G27: תשובת זהב של מיסוי און ליין תוקנה בעזרת claude: א) השלמת הגדרת "יחסים מיוחדים" (הוספת קטגוריית "קרוב" וההגדרה המדויקת של "שליטה" - 5% ומעלה) והשלמת רשימת החריגים החסרים מסעיף 3(י) - במיוחד חריג שטר ההון (הלוואה לא צמודה כנגד שטר הון לתקופה של 5 שנים לפחות לחברה בשליטה), שהוא הרלוונטי ביותר לתכנון הלוואות בין חברות קשורות ולא הופיע כלל בתשובה המקורית. ב) הוספת שיעור הריבית הרעיונית בפועל - 75% מהעלות הכוללת הממוצעת לאשראי לא צמוד הניתן על ידי הבנקים - שהתשובה המקורית לא ציינה כלל, והשאירה את "הפרש הריבית" ללא נוסחה מספקת ליישום מעשי. | I27: כן, ככלל חברה המעמידה הלוואה לחברה קשורה ללא ריבית או בריבית נמוכה מחויבת לבחון חיוב בהכנסה מריבית רעיונית לפי סעיף 3(י), אצל החברה המלווה. לפי חוזר מ"ה 13/2018: תחולת סעיף 3(י) מותנית בקיום יחסים מיוחדים, לרבות שליטה של חברה אחת באחרת או שליטה של אותו אדם בשתי החברות. אם ההלוואה היא ללא ריבית או בריבית נמוכה מהשיעור שנקבע — יש לזקוף למלווה הכנסה בגובה הפרש הריבית. יש לבדוק תחילה האם מדובר בעסקה בינלאומית שעליה חל סעיף 85א; אם סעיף 85א אינו חל, יש לבדוק תחילה את סעיף 3(ט), ולאחר מכן את סעיף 3(י). סעיף 3(י) לא חל, בין היתר, על הלוואה שסעיף 3(ט) חל עליה, וכן על חוב של לקוחות או ספקים בשל שירותים או נכסים. 📄 הלוואה בריבית נמוכה: יישום הוראות סעיפים 3(ט), 3(י) ו-85א לפקודה לאור תיקונים 164 ו-185 לפקודה (חוזר מ"ה 13/2018)ציטוט ▼ הוראת הביצוע בעניין חישוב ההכנסה לפי סעיפים 3(ט) ו־3(י) מבהירה כי כאשר מתקיימים תנאי סעיף 3(י), יש לחשב את ההכנסה לפי ההפרש בין הריבית שנקבעה בהלוואה לבין שיעור הריבית הרלוונטי לפי התקנות. 📄 חישוב הכנסה לפי סעיפים 3(ט) ו-3(י) לפקודת מס הכנסה בשנת המס 2003 (ה"ב 18/04)ציטוט ▼ לכן: בהלוואה מקומית בין חברות קשורות, שאינה חוב מסחרי של לקוח או ספק, אינה כפופה לסעיף 3(ט), ואינה עסקה בינלאומית הכפופה לסעיף 85א — יש לבחון חיוב החברה המלווה בריבית רעיונית לפי סעיף 3(י). | J27: הלוואה בריבית נמוכה: יישום הוראות סעיפים 3(ט), 3(י) ו-85א לפקודה לאור תיקונים 164 ו-185 לפקודה (חוזר מ"ה 13/2018) ציטוט ▲ באם לא מתקיימים תנאי סעיף 85א יש לבדוק תחילה אם היא עונה להגדרת הלוואה בסעיף 3(ט) ולאחר מכן לסעיף 3(י). מובהר כי סעיפי 3(ט) ו-3(י) יחולו גם לגבי הלוואות שהן עסקאות בינלאומיות שסעיף 85א לא חל לגביהן. כמו-כן, שיעור הריבית שייקבע הינו בהתאם להוראות הסעיף 3(ט) ו-3(י) או 85א. 3. סעיף 3(ט) לפקודה 3.1 רקע סעיף 3(ט) לפקודת מס הכנסה קובע, בין היתר, כי אדם שקיבל הלוואה בלא ריבית או בריבית בשיעור נמוך משיעור הריבית שקבע לעניין זה שר האוצר, יראו את הפרש הריבית: (א) בזכות או בהלוואה שניתנו בקשר ליחסי עובד ומעביד - כהכנסת עבודה; (ב) בזכות או בהלוואה שקיבל אדם ממי שהוא מספק לו שירותים - כהכנסה לפי סעיף 2(1) 📄 חישוב הכנסה לפי סעיפים 3(ט) ו-3(י) לפקודת מס הכנסה בשנת המס 2003 (ה"ב 18/04) ציטוט ▲ 3.1 כאשר על מקבל ההלוואה לא חלות הוראות פרק ב' לחוק התיאומים כאשר הוראות פרק ב' לחוק התיאומים אינן חלות בקביעת הכנסתו של מקבל ההלוואה, נקבע בתקנה 2(א) ל תקנות 3(י) כי "שיעור הריבית" יהיה "... שיעור עליית המדד בתוספת 4 אחוזים המוכפלים במספר הימים בתקופת ההלוואה ומחולקים בשלוש מאות שישים וחמישה." יישום: היישום במקרה זה דומה ליישום המפורט בסעיף 2.1 לעיל. ביישום האמור, במקום המונח "תקופת זקיפה" יש לקרוא "תקופת הלוואה". ראה דוגמא מספר 3 בנספח. 3.2 כאשר על מקבל ההלוואה חלות הוראות פרק ב' לחוק התיאומים לגבי הלוואה שניתנה למי שפרק ב' להוראות חוק התיאומים חלות בקביעת הכנסתו, נקבע בתקנה 2 לתקנות מכוח
B28: שאלה ותשובה ממיסוי און ליין | C28: בשנת 2025 נחתם הסכם אופציה ייחודית. המחיר בעד האופציה היה 266,000 ש"ח. היום מדווחת לי עסקת סיחור אופציה ומבקשים פטור 49 י' אופציה ייחודית. האם הסעיף חל גם על סיחור אופציה? | D28: כן. פרק חמישי 2 לחוק מיסוי מקרקעין (שבח, מכירה ורכישה), התשכ"ג-1963, וההוראה המפרשת אותו (הוראת ביצוע מיסוי מקרקעין מס' 10/2002), מתייחסים למכירת אופציה שאינה מימוש, וההסדר המיוחד עשוי לחול גם בשלב המסחר המשני - כלומר, גם על סיחור האופציה - ובלבד שהאופציה והעסקה הספציפית עומדות בכל התנאים המצטברים של אופציה ייחודית. עובדת שנת החתימה (2025) אינה שוללת את הפטור כשלעצמה - אין בהוראה תנאי הקושר את הזכאות למועד חתימת האופציה המקורית. עם זאת, מהנתון של 266,000 ש"ח בלבד לא ניתן לקבוע אם תנאי התמורה מתקיים. יש להשוות סכום זה לשווי הזכות במקרקעין ו/או למחיר המימוש הקבוע בהסכם, שכן אחד התנאים המצטברים לסיווג אופציה כ"ייחודית" הוא שהתמורה ששולמה בעדה אינה חורגת מיחס מסוים משווי הזכות/ממחיר המימוש. (הערת אימות: לא הצלחתי לאתר בשיחה זו את הנוסח המדויק של יחס זה בתוך הוראת ביצוע 10/2002 עצמה - יש לוודא זאת מול נוסח ההוראה המלא לפני מתן אישור סופי; מקורות משניים מציינים סף של כ-5%, אך הדבר טעון אימות ישיר מול ההוראה.) יש לוודא גם את יתר התנאים המצטברים שבהוראת הביצוע, ובכלל זה: שהאופציה ניתנה בכתב; שהיא ניתנת להעברה; שהתחייבות המוכר (בעל המקרקעין) היא בלתי חוזרת; שתקופת המימוש עומדת בתנאי ההסדר; שלמחזיק לא ניתנה חזקה במקרקעין; ושנמסרה הודעה למנהל במועד. 📄 הרפורמה במיסוי מקרקעין - אופציות במקרקעין (הוראת שעה) (מ"ש 10/02) חשוב: הציטוט שאותר ממ"ש 10/02 לעניין עצם תחולת ההסדר על סיחור נקטע בדיוק בנקודה שבה ההוראה עומדת להבהיר הבחנה אפשרית בין מכירה ראשונה (מבעל המקרקעין למחזיק) לבין עסקאות סיחור מאוחרות יותר ("יצוין כי בעת מכירת האופציה לראשונה מבעל המקרקעין למחזיק, לא תקבע..."). לכן, בעוד שהמסקנה הכללית - שהפטור עשוי לחול גם על סיחור - סבירה, יש לאתר ולקרוא את המשך הנוסח המדויק בהוראה (ובפרט: האם קביעת השווי/התמורה לצורך מבחני הזכאות נבחנת מחדש בכל שלב סיחור, או רק במועד המכירה הראשונה) לפני מתן חוות דעת סופית בתיק הקונקרטי. איחור במסירת ההודעה אינו שולל בהכרח את האפשרות לבקש את הפטור: לפי תוספת מס' 1 להוראת ביצוע 10/2002, המנהל רשאי להאריך את המועד למסירת ההודעה, תוך בחינת משך האיחור, זהות הצדדים, הסיבות לאיחור ונסיבות המקרה. 📄 פרק חמישי 2: אופציה ייחודית - הארכת מועד למסירת הודעה על מכירת אופציה (מ"ש 10/02(1)) מסקנה מעשית: יש לבקש מהנישום: (א) את מלוא נוסח הסכם האופציה המקורי משנת 2025 ואת נתוני שווי הזכות/מחיר המימוש לבדיקת יחס התמורה; (ב) אסמכתה לכך שהאופציה ניתנה בכתב, ניתנת להעברה, וכי לא ניתנה למחזיק חזקה במקרקעין; (ג) פרטי ההודעה שנמסרה למנהל ומועדה, ואם נמסרה באיחור - נימוקי האיחור לצורך בחינת בקשת הארכה. | E28: הרפורמה במיסוי מקרקעין - אופציות במקרקעין (הוראת שעה) (מ"ש 10/02) פרק חמישי 2: אופציה ייחודית - הארכת מועד למסירת הודעה על מכירת אופציה (תוספת מס' 1 להוראת ביצוע מיסוי מקרקעין 10/2002) | G28: תשובת זהב של מיסוי און ליין תוקנה בעזרת claude: א) סימון מפורש של כך שהציטוט התומך במסקנה בדבר תחולת ההסדר על סיחור נקטע בדיוק בנקודה שבה ההוראה עומדת להבחין בין מכירה ראשונה למכירות סיחור מאוחרות - במקום להציג את המסקנה כנתמכת במלואה במקור שצוטט. ב) הוספת התייחסות למבחן התמורה/שווי הקונקרטי (יחס בין מחיר האופציה לשווי הזכות/מחיר המימוש) כתנאי מצטבר שיש לבדוק ביחס ל-266,000 ש"ח, תוך סימון מפורש שהיחס המדויק לא אומת ישירות מול נוסח הוראת ביצוע 10/2002 בשיחה זו ודורש בדיקה נוספת. | I28: כן. הוראת ביצוע מיסוי מקרקעין מס' 10/2002 מתייחסת למכירת אופציה שאינה מימוש, והפטור חל גם בשלב המסחר המשני — כלומר, גם על סיחור האופציה — ובלבד שהאופציה והעסקה עומדות בכל התנאים המצטברים של אופציה ייחודית. 📄 הרפורמה במיסוי מקרקעין - אופציות במקרקעין (הוראת שעה) (מ"ש 10/02)ציטוט ▼ לכן, עצם העובדה שהאופציה המקורית נחתמה בשנת 2025 אינה שוללת את הפטור. עם זאת, מהנתון של 266,000 ש"ח בלבד לא ניתן לקבוע אם תנאי התמורה מתקיים, משום שיש להשוותו לנתוני שווי הזכות במקרקעין או למחיר המימוש שבהסכם. יש לוודא גם את יתר התנאים שבהוראת הביצוע, ובכלל זה שהאופציה היא בכתב, ניתנת להעברה, התחייבות המוכר בלתי חוזרת, תקופת המימוש עומדת בתנאי ההסדר, למחזיק לא ניתנה חזקה במקרקעין, ונמסרה הודעה למנהל במועד. 📄 הרפורמה במיסוי מקרקעין - אופציות במקרקעין (הוראת שעה) (מ"ש 10/02)ציטוט ▼ איחור במסירת ההודעה אינו שולל בהכרח את האפשרות לבקש את הפטור: לפי תוספת להוראת ביצוע 10/2002, המנהל רשאי להאריך את המועד לפי סעיף 107, תוך בחינת משך האיחור, זהות הצדדים, הסיבות לאיחור ונסיבות המקרה. 📄 פרק חמישי 2: אופציה ייחודית - הארכת מועד למסירת הודעה על מכירת אופציה (מ"ש 10/02(1))ציטוט ▼ | J28: הרפורמה במיסוי מקרקעין - אופציות במקרקעין (הוראת שעה) (מ"ש 10/02) ציטוט ▲ הסדר המיסוי המיוחד הקבוע בפרק חמישי 2 לחוק 1. הסדר המיסוי במכירת האופציה הייחודית סעיף 49י(ב) קובע: "על אף הוראות חוק זה, במכירה בתקופה הקובעת של אופציה, שאינה מימוש אופציה יחולו הוראות אלה: (1) המכירה תהיה פטורה ממס שבח, ממס מכירה וממס רכישה; (2) המכירה תהיה חייבת במס רווח הון לפי חלק ה' לפקודה או במס הכנסה לפי סעיף 2(1) לפקודה, הכל לפי הענין". א. מכירת האופציה שעמדה בתנאים המצטברים שפורטו לעיל תהא פטורה ממס שבח, מס מכירה ומס רכישה. ב. המכירה תתחייב במס הכנסה לפי סעיף 2(1) לפקודה או במס ריווח הון לפי פרק ה' לפקודה, לפי העניין. יצוין כי בעת מכירת האופציה לראשונה מבעל המקרקעין למחזיק, לא תקבע 📄 פרק חמישי 2: אופציה ייחודית - הארכת מועד למסירת הודעה על מכירת אופציה (מ"ש 10/02(1)) ציטוט ▲ הוראות - מס שבח ומס רכוש מ"ש 10/02(1) – 4.2.07 – פרק חמישי 2: אופציה ייחודית – הארכת מועד למסירת הודעה על מכירת אופציה מיסים כב/2 ג-104 ‏כ"ח שבט תשס"ח ‏04 פברואר 2008 תוספת מס' 1 להוראת ביצוע מיסוי מקרקעין מס' 10/2002 הנדון: פרק חמישי 2: אופציה ייחודית הארכת מועד למסירת הודעה על מכירת אופציה מבוא פרק חמישי 2 לחוק מיסוי מקרקעין (שבח, מכירה ורכישה), התשכ"ג-1963 (להלן: " החוק " או " הפרק " - לפי העניין) קובע הוראות מיסוי ייחודיות במכירת אופציה כהגדרתה בפרק (להלן - " אופציה ייחודית "). בפסקה 7 להגדרת "אופציה" נקבע כי יש למסור הודעה למנהל על מכירת האופציה בתוך 30 ימים מיום מתן האופציה. בהוראת

Sheet שאלות_תשובות_כל_התגובות
A1: ID | B1: מפקח | C1: שאלה | D1: תשובת המודל | E1: מקורות | F1: ציון משוקלל מתוך תשובת רכזים, כולל הערות | G1: חותמת זמן | H1: האם התשובה נכונה? | I1: עד כמה התשובה מדויקת? | J1: פירוט לגבי הדיוק | K1: עד כמה התשובה שלמה? | L1: פירוט לגבי שלמות התשובה | M1: עד כמה המסמכים שהמודל הביא רלוונטיים לשאלה? | N1: פירוט לגבי רלוונטיות המקורות | O1: רלוונטיות ובהירות התשובה | P1: פירוט לגבי רלוונטיות ובהירות | Q1: עד כמה התשובה מאפשרת למפקח להסתמך עליה במינימום מאמץ? | R1: פירוט לגבי יעילות ויכולת הסתמכות | S1: הערות כלליות של הבודק | T1: עד כמה התשובה מדויקת? | U1: פירוט לגבי הדיוק | V1: עד כמה התשובה שלמה? | W1: פירוט לגבי שלמות התשובה | X1: עד כמה המסמכים שהמודל הביא רלוונטיים לשאלה? | Y1: פירוט לגבי רלוונטיות המקורות | Z1: רלוונטיות ובהירות התשובה | AA1: פירוט לגבי רלוונטיות ובהירות | AB1: עד כמה התשובה מאפשרת למפקח להסתמך עליה במינימום מאמץ? | AC1: פירוט לגבי יעילות ויכולת הסתמכות | AD1: הערות כלליות של הבודק | AE1: האם התשובה נכונה? | AF1: עד כמה התשובה מדויקת? | AG1: פירוט לגבי הדיוק | AH1: עד כמה התשובה שלמה? | AI1: פירוט לגבי שלמות התשובה | AJ1: עד כמה המסמכים שהמודל הביא רלוונטיים לשאלה? | AK1: פירוט לגבי רלוונטיות המקורות | AL1: רלוונטיות ובהירות התשובה | AM1: פירוט לגבי רלוונטיות ובהירות | AN1: עד כמה התשובה מאפשרת למפקח להסתמך עליה במינימום מאמץ? | AO1: פירוט לגבי יעילות ויכולת הסתמכות | AP1: הערות כלליות של הבודק | AQ1: האם התשובה נכונה? | AR1: עד כמה התשובה מדויקת? | AS1: פירוט לגבי הדיוק | AT1: עד כמה התשובה שלמה? | AU1: פירוט לגבי שלמות התשובה | AV1: עד כמה המסמכים שהמודל הביא רלוונטיים לשאלה? | AW1: פירוט לגבי רלוונטיות המקורות | AX1: רלוונטיות ובהירות התשובה | AY1: פירוט לגבי רלוונטיות ובהירות | AZ1: עד כמה התשובה מאפשרת למפקח להסתמך עליה במינימום מאמץ? | BA1: פירוט לגבי יעילות ויכולת הסתמכות | BB1: הערות כלליות של הבודק | BC1: האם התשובה נכונה? | BD1: עד כמה התשובה מדויקת? | BE1: פירוט לגבי הדיוק | BF1: עד כמה התשובה שלמה? | BG1: פירוט לגבי שלמות התשובה | BH1: עד כמה המסמכים שהמודל הביא רלוונטיים לשאלה? | BI1: פירוט לגבי רלוונטיות המקורות | BJ1: רלוונטיות ובהירות התשובה | BK1: פירוט לגבי רלוונטיות ובהירות | BL1: עד כמה התשובה מאפשרת למפקח להסתמך עליה במינימום מאמץ? | BM1: פירוט לגבי יעילות ויכולת הסתמכות | BN1: הערות כלליות של הבודק | BO1: האם התשובה נכונה?
A2: M01-Q01 | B2: בן לסנס | C2: חברה שנידונה אצלי בחוליה נרכשה על ידי חברה זרה. החברה הרוכשת משלמת את כספי התמורה לבעלי מניות תושבי חוץ. מי הגורם המנפיק את האישור עבור העברה לחול? הכסף עובר דרך נאמן ישראלי ולכן נדרש אישור | D2: הגורם המנפיק את אישורי ניכוי המס במקור לתושבי חוץ וחברות זרות, הנדרשים לצורך העברת כספים לחו"ל, הוא משרדי השומה. אישורים אלו מופקים לאחר קבלת אישור מהרפרנט המקצועי ומהמחלקה למיסוי בינלאומי בחטיבה המקצועית. | E2: הוראת ביצוע מס הכנסה מס_ 2_2020 בנושא_ אישורי ניכוי מס במקור ואישורים לפי חוק עסקאות גופים ציבוריים לשנת המס 2020.pdf
A3: M01-Q02 | B3: בן לסנס | C3: איך להנפיק אישור לפי סעיף 50 לשותפות? | D3: הנפקת אישור לפי סעיף 50 לשותפות תלויה בסוג השותפות: * **לשותפות רשומה:** כל שותף בשותפות נדרש להגיש בקשה נפרדת לפקיד השומה שבו מתנהל תיק השותף. פקיד השומה יבדוק אם השותף עומד בכל התנאים לקבלת האישור (כולל דרישת ערובה לפי חלקו). רק אם כל התנאים מתקיימים, יינתן אישור ידני לכל שותף בנפרד. את האישורים הידניים הללו יעבירו הנישומים למיסוי מקרקעין על מנת שהשותפות הרשומה תקבל את הפטור הממוחשב בעסקת המקרקעין. חשוב לציין שאם לאחד השותפים לא ניתן אישור, השותפות הרשומה לא תוכל לקבל פטור על השבח. * **לשותפות שאינה רשומה:** העסקה מדווחת על שם כל שותף בנפרד לפי חלקו. במקרה זה, ניתן לתת אישור באמצעות שאילתה 9050 עבור כל אחד מהשותפים בנפרד, ללא צורך במתן אישור ידני. בנוסף, על מנת לקבל אישור לפרויקט בליווי בנקאי עבור כל אחד מהשותפים, יש לקבל הוראה בלתי חוזרת חתומה על ידי השותפות. | E3: הוראת ביצוע מס הכנסה מספר 8_2021 בנושא_ סוגי אישורים, ערובות והקפאות חוב מס שבח במתן אישור לפי סעיף 50 לחוק מיסוי מקרקעי.pdf 397-סוגי אישורים ערובות והקפאות חוב מס שבח במתן אישור לפי סעיף 50 לחוק מיסוי מקרקעין.pdf
A4: M01-Q03 | B4: בן לסנס | C4: התקבלה בקשה לתיקון דוח, הנובעת משינוי מסלול המס שבו דווחו הכנסות משכירות דירות. האם מדובר בתיקון מהותי או טכני, ומה הדין לעניין התיישנות? הסבר ונמק תוך ציטוט הוראת/הוראות הביצוע הרלוונטיות. | D4: בקשה לתיקון דוח הנובעת משינוי מסלול המס שבו דווחו הכנסות משכירות דירות תיחשב ככל הנראה לתיקון מהותי. זאת מכיוון שעל פי הוראת ביצוע מס הכנסה מספר 3/2018, תיקון המשנה באופן מהותי את חבות המס יוגדר כתיקון מהותי. שינוי מסלול מס עבור הכנסות משכירות דירות צפוי לשנות את חבות המס, ולכן אינו נחשב לתיקון טכני (כגון הוספת מסמכים מאמתים או תיקון טעות אריתמטית). לעניין התיישנות, הוראת ביצוע מס הכנסה מספר 3/2018 קובעת כי מעמדה של בקשת הנישום לתיקון הדו"ח השנתי עשוי להשליך על התיישנות הסמכות לשום. חשוב לציין כי על פי הפסיקה, כפי שמצוין בהוראת הביצוע, לא קיימת לנישום זכות מוקנית לתיקון דוח, ותיקונים ייעשו במשורה ובזהירות ראויה, בעיקר במקרים של טעות בתום לב ולא בטענת כדאיות עסקה. הוראת הביצוע אינה מפרטת את תקופת ההתיישנות הספציפית לסוג זה של תיקון, אך מציינת כי נושא ההתיישנות מושפע מבקשת התיקון. | E4: 628-הוראת ביצוע 3.2018 בנושא אופן הטיפול בבקשת נישום לתיקון דוח על ההכנסות שהוגש על ידו לפקיד השומה.pdf הוראת ביצוע מס הכנסה מספר 3_2018 בנושא_ אופן הטיפול בבקשת נישום לתיקון דו_ח על ההכנסות שהוגש על ידו לפקיד השומה.pdf
A5: M01-Q04 | B5: בן לסנס | C5: אני מטפל בתיק של נישום המחזיק בזכויות בשותפות נפט. הנישום מבקש כעת לתקן שומה לשנה שכבר התיישנה, בנימוק שתעודת המס של השותפות פורסמה והתקבלה אצלו רק עכשיו. האם עיכוב אובייקטיבי בפרסום תעודת המס מצד השותפות מהווה עילה מספקת לפתיחת השומה הסגורה? אילו סימוכין/מסמכים עליי לבקש? | D5: כן, עיכוב אובייקטיבי בפרסום תעודת המס מצד שותפות נפט יכול להוות עילה מספקת לפתיחת שומה שהתיישנה. הוראת ביצוע רשות המיסים מספר 06/2026 קובעת כי פרסום תעודת מס עשוי להתבצע לאחר שהוגש הדוח השנתי ואף לאחר שחלף מועד ההתיישנות של אותו הדוח (סעיף 1.7). במקרים אלו, בקשה לתיקון דוח בשל פרסום תעודת מס ניתן להגיש עד המאוחר מבין מועד ההתיישנות שחל על הדוח כקבוע בסעיפים 145 ו-152 לפקודה, או 120 יום ממועד פרסום תעודת המס (סעיף 2.1.1). הסימוכין/מסמכים שעליך לבקש הם תעודת המס הסופית או הזמנית שפורסמה על ידי שותפות הנפט, שכן היא מהווה את הבסיס לבקשת תיקון הדוח (סעיף 1.6). | E5: הוראת ביצוע רשות המסים מספר 2026_ 06 - בנושא_ טיפול בבקשות לתיקוני שומה בידי מחזיקי יחידות השתתפות של שותפויות לחיפושי .pdf
A6: M01-Q05 | B6: בן לסנס | C6: עד איזה סכום פטור מניכוי מס במקור תשלום עבור שירותים שניתנו ובוצעו במלואם בחו"ל, לפי הכללים העדכניים? | D6: לפי הכללים העדכניים, תשלום עבור שירותים שניתנו ובוצעו במלואם בחו"ל על ידי נותני שירותים בחו"ל פטור מניכוי מס במקור עד לסכום של 250,000 דולר לכל משלם. עדכון זה מחליף את הסכום הקודם שעמד על 60,000 דולר. | E6: תוספת מספר 1 להוראת ביצוע 34_93 – עדכון לעניין _חברות מיוחדות_ ניכוי מס במקור מתשלומים לתושבי חוץ.pdf
A7: M02-Q01 | B7: לירן יהודאי | C7: נאמנות שהוקמה לפני 2014, היוצר תושב חוץ בעת הקמת הנאמנות, הנהנים (או חלק מהם) תושבי ישראל, לפני שנת 2014 היוצר עלה לישראל וזכרי להטבות של תושב חוזר ותיק. האם הנאמנות זכאית להטבות של היוצר? | D7: כן, הנאמנות זכאית להטבות של היוצר. על פי הדין שחל עובר לתיקון 197 (לפני 1 בינואר 2014), כאשר נאמנות הפכה לנאמנות תושבי ישראל בשל עלייתו או חזרתו לישראל של יוצר בה שהיה "יחיד מוטב" (כמו תושב חוזר ותיק), חלו על הכנסת הנאמן ההקלות החלות על הכנסותיו של אותו יחיד מוטב. תקופת ההטבות של הנאמנות הייתה זהה לתקופת ההטבות של היוצר. בנוסף, מגבלת הנהנים שהם תושבי ישראל (שדורשת שכל הנהנים יהיו תושבים זכאים או תושבי חוץ), אשר הוכנסה בתיקון 191, אינה חלה על נאמנויות שהפכו לנאמנות תושבי ישראל לאחר שיוצר אחד בה היה לתושב ישראל לראשונה, לתושב חוזר ותיק או לתושב חוזר, לפני יום התחילה (1 בינואר 2014). | E7: 187-חוזר מ.ה 3.16 - מיסוי נאמנויות.pdf 630-תוספת 1 להוב 1-2010 - נאמנויות - לאחר תיקונים- לפרסום3 3 2015 doc A.pdf | F7: ציון 9 | G7: ='תגובות לטופס 2- לירן יהודאי'!$A$2 -> 8/24/2026 12:20:28 | H7: ='תגובות לטופס 2- לירן יהודאי'!B2 -> נכונה | I7: ='תגובות לטופס 2- לירן יהודאי'!C2 -> 9 | J7: ='תגובות לטופס 2- לירן יהודאי'!D2 | K7: ='תגובות לטופס 2- לירן יהודאי'!E2 -> 9 | L7: ='תגובות לטופס 2- לירן יהודאי'!F2 | M7: ='תגובות לטופס 2- לירן יהודאי'!G2 -> 9 | N7: ='תגובות לטופס 2- לירן יהודאי'!H2 | O7: ='תגובות לטופס 2- לירן יהודאי'!I2 | ... S7: ='תגובות לטופס 2- לירן יהודאי'!M2
A8: M02-Q02 | B8: לירן יהודאי | C8: האם לקבוע מקדמה או ערובה, ומה שיעורה, בעסקת מכר מקרקעין של קבלן בונה? ציין סייגים/תנאים חשובים, מה יש לדרוש מהנישום, תוך ציטוט הוראת/הוראות הביצוע הרלוונטיות והפסקה/פסקאות הרלוונטיות. | D8: בעסקת מכר מקרקעין של קבלן בונה, קביעת מקדמה או ערובה ושיעורן תלוי בסוג האישור המבוקש (כללי, לפרויקט או פרטני) ובמצב דיווח ההכנסות ותשלום המס: **1. קביעת מקדמה או ערובה:** * **באופן כללי (הוראת ביצוע מס' 2/2010, סעיף 5.1):** אישור יותנה בערובה, למעט מקרים חריגים בשיקול דעת פקיד השומה. * **אישור פרטני (הוראת ביצוע מס' 2/2010, סעיף 5.3; הוראת ביצוע מס הכנסה מספר 8/2021, סעיף 6.1):** * כאשר ההכנסה בגין היחידה דווחה והמס שולם בגינה – לא תידרש ערובה בעת מתן האישור. * כאשר ההכנסה בגין היחידה טרם דווחה אך תתחייב במס הכנסה בשנה שבה נדרש האישור – יש לדרוש מהמבקש תשלום מלוא המקדמה בשל חבות המס הנובעת ממכירת היחידה. * **אישור לפרויקט (הוראת ביצוע מס' 2/2010, סעיף 5.2; הוראת ביצוע מס הכנסה מספר 8/2021, סעיף 'דרישת ערובה באישור לפרויקט לכל אורך חיי הפרויקט'):** * אישור לפרויקט המוגבל לשנת מס אחת – לרוב לא יותנה בערובה, למעט מקרים חריגים בשיקול דעת פקיד השומה. * אישור לפרויקט לכל אורך חיי הפרויקט – תידרש ערובה. * כאשר נדרש אישור לפרויקט לכל אורך חיי הפרויקט בשנה בה יש לדווח על ההכנסה מהפרויקט (גם אלו שהיו בשנים קודמות) – יש לדרוש מהנישום תשלום מלוא המקדמה בשל חבות המס הצפויה מהמכירות שבוצעו עד ליום מתן האישור. בנוסף, יש לקבוע מקדמות שוטפות בגין המכירות שיהיו באותה שנה. **2. שיעור הערובה:** * **אישור לפרויקט (הוראת ביצוע מס' 2/2010, סעיף 5.2):** 3% משווי מחזור המכירות המשוער של הפרויקט לפני מע"מ. * **אישור לפרויקט לכל אורך חיי הפרויקט (הוראת ביצוע מס הכנסה מספר 8/2021, סעיף 'דרישת ערובה באישור לפרויקט לכל אורך חיי הפרויקט'):** 1.5% משווי מחזור המכירות המשוער של הפרויקט לפני מע"מ. במקרה של יחיד ו/או חברה משפחתית, גובה הערובה הינו 3% ממחזור המכירות המשוער של הפרויקט לפני מע"מ. * **אישור פרטני (הוראת ביצוע מס' 2/2010, סעיף 5.3; הוראת ביצוע מס הכנסה מספר 8/2021, סעיף 6.3):** 3% ממחיר המכירה של היחידה לפני מע"מ. במקרה של יחיד ו/או חברה משפחתית, גובה הערובה הינו 6% ממחיר המכירה של היחידה לפני מע"מ. **3. סייגים/תנאים חשובים:** * **שיקול דעת פקיד השומה:** במקרים בהם שוכנע פקיד השומה שחבות מס ההכנסה הצפויה של הנישום (מהפרויקט או ממכירת היחידה) נמוכה מגובה הערובה האמורה, תיקבע לנישום ערובה נמוכה יותר בהתאם לחבות המס הצפויה (למשל, כאשר קיימים הפסדים צבורים או צפויים לנישום). * **תוקף הערובה (הוראת ביצוע מס' 2/2010, סעיף 5.2):** הערובה תהא בתוקף לפחות 15 חודשים ותחודש בהתאם לצורך. סוג הערובה יכול להיות ערבות בנקאית אוטונומית או מזומן. * **הצמדה וריבית (הוראת ביצוע מס' 2/2010, סעיף 5.2):** לסכום ערובה במזומן ייווספו הפרשי הצמדה וריבית כאמור בסעיף 159א(א) החל מיום תשלום הערובה. **4. מה יש לדרוש מהנישום:** * **תשלום מלוא המקדמה:** כאשר ההכנסה טרם דווחה אך תתחייב במס הכנסה בשנה שבה נדרש האישור, יש לדרוש מהנישום תשלום מלוא המקדמה בשל חבות המס הנובעת מהמכירה (הוראת ביצוע מס' 2/2010, סעיפים 5.2, 5.3; הוראת ביצוע מס הכנסה מספר 8/2021, סעיפים 6.2 ו'דרישת ערובה באישור לפרויקט לכל אורך חיי הפרויקט'). * **קביעת מקדמות שוטפות:** בנוסף למקדמה על מכירות שבוצעו, יש לקבוע מקדמות שוטפות בגין המכירות שיהיו באותה שנה (הוראת ביצוע מס' 2/2010, סעיף 5.2; הוראת ביצוע מס הכנסה מספר 8/2021, סעיף 'דרישת ערובה באישור לפרויקט לכל אורך חיי הפרויקט'). * **דיווח על הפרויקט:** במקרה שמדובר בנישום שהוא קבלן שהקים את הפרויקט, יש לבדוק שהוגש דיווח על הפרויקט למיסוי מקרקעין בטופס מספר 701 (הוראת ביצוע מס הכנסה מספר 8/2021, סעיף 6). **הוראות הביצוע הרלוונטיות:** * הוראת ביצוע מס' 2/2010 - אישורים לפי סעיף 50 לחוק מיסוי מקרקעין, הקפאות חוב מס שבח וערובות במתן טופס 50 (סעיפים 5.1, 5.2, 5.3). * הוראת ביצוע מס הכנסה מספר 8/2021: סוגי אישורים, ערובות והקפאות חוב מס שבח במתן אישור לפי סעיף 50 לחוק מיסוי מקרקעין (סעיף 6 - אישור פרטני, וסעיף 'דרישת ערובה באישור לפרויקט לכל אורך חיי הפרויקט'). | E8: הקפאות חוב מס שבח, סוגי אישורים לפי סעיף 50 לחוק מיסוי מקרקעין, וערובות במתן טופס 50-02_2010.pdf הוראת ביצוע מס הכנסה מספר 8_2021 בנושא_ סוגי אישורים, ערובות והקפאות חוב מס שבח במתן אישור לפי סעיף 50 לחוק מיסוי מקרקעי.pdf | F8: 9.3 - משוקלל של 2 בודקים | G8: ='תגובות לטופס 2- לירן יהודאי'!$A$2 -> 8/24/2026 12:20:28 | H8: ='תגובות לטופס 2- לירן יהודאי'!N2 -> נכונה | I8: ='תגובות לטופס 2- לירן יהודאי'!O2 -> 9 | J8: ='תגובות לטופס 2- לירן יהודאי'!P2 | K8: ='תגובות לטופס 2- לירן יהודאי'!Q2 -> 9 | L8: ='תגובות לטופס 2- לירן יהודאי'!R2 | M8: ='תגובות לטופס 2- לירן יהודאי'!S2 -> 10 | N8: ='תגובות לטופס 2- לירן יהודאי'!T2 | O8: ='תגובות לטופס 2- לירן יהודאי'!U2 -> 7 | ... S8: ='תגובות לטופס 2- לירן יהודאי'!Y2
A9: M02-Q03 | B9: לירן יהודאי | C9: מהו שיעור הסכום הקובע מהרווח הצפוי בדוח אפס, במסגרת פרויקט בליווי בנקאי? הסבר ונמק תוך ציטוט מפורש של הוראת/הוראות הביצוע והפסקה הרלוונטית. | D9: שיעור הסכום הקובע מהרווח הצפוי בפרויקט, על פי דו"ח האפס הראשון שהוגש לתאגיד המלווה, הוא 13%. במקרה של יחיד ו/או חברה משפחתית, השיעור הוא 26%. הסכום הקובע מוגדר בכתב ההוראות הבלתי חוזרות, ומשמעותו סכום השווה לשיעור זה מהרווח הצפוי בפרויקט על פי דו"ח האפס הראשון אשר הוגש לתאגיד מלווה ועל בסיסו נחתם הסכם הליווי. ציטוט מפורש מהוראת הביצוע: "הסכום הקובע כהגדרתו על פי כתב ההוראות הבלתי חוזרות, משמעו סכום השווה לשיעור של 13% (ובמקרה של יחיד ו/או חברה משפחתית )26% מהרווח הצפוי בפרויקט על פי דו"ח האפס הראשון אשר הוגש ל תאגיד מלווה ועל בסיסו נחתם הסכם הליווי." הוראת הביצוע והפסקה הרלוונטית: הוראת ביצוע מס הכנסה מספר 8/2021, סעיף 5.3.3.2, הערה 2. | E9: 397-סוגי אישורים ערובות והקפאות חוב מס שבח במתן אישור לפי סעיף 50 לחוק מיסוי מקרקעין.pdf | F9: 9.1 - משוקלל של 2 בודקים, | G9: ='תגובות לטופס 2- לירן יהודאי'!$A$2 -> 8/24/2026 12:20:28 | H9: ='תגובות לטופס 2- לירן יהודאי'!Z2 -> נכונה | I9: ='תגובות לטופס 2- לירן יהודאי'!AA2 -> 9 | J9: ='תגובות לטופס 2- לירן יהודאי'!AB2 | K9: ='תגובות לטופס 2- לירן יהודאי'!AC2 -> 9 | L9: ='תגובות לטופס 2- לירן יהודאי'!AD2 | M9: ='תגובות לטופס 2- לירן יהודאי'!AE2 -> 9 | N9: ='תגובות לטופס 2- לירן יהודאי'!AF2 | O9: ='תגובות לטופס 2- לירן יהודאי'!AG2 -> 9 | ... S9: ='תגובות לטופס 2- לירן יהודאי'!AK2
A10: M02-Q04 | B10: לירן יהודאי | C10: עד איזה סכום פטור מניכוי מס במקור תשלום עבור שירותים שניתנו ובוצעו במלואם בחו"ל, לפי הכללים העדכניים? | D10: לפי הכללים העדכניים, תשלום עבור שירותים שניתנו ובוצעו במלואם בחו"ל על ידי נותני שירותים בחו"ל פטור מניכוי מס במקור עד לסכום של 250,000 דולר לכל משלם. עדכון זה מחליף את הסכום הקודם שעמד על 60,000 דולר. | E10: תוספת מספר 1 להוראת ביצוע 34_93 – עדכון לעניין _חברות מיוחדות_ ניכוי מס במקור מתשלומים לתושבי חוץ.pdf | F10: ציון 7 - ברשימת מקורות אין מקור , אלא רק תיקונים/עדכונים | G10: ='תגובות לטופס 2- לירן יהודאי'!$A$2 -> 8/24/2026 12:20:28 | H10: ='תגובות לטופס 2- לירן יהודאי'!AL2 -> נכונה | I10: ='תגובות לטופס 2- לירן יהודאי'!AM2 -> 8 | J10: ='תגובות לטופס 2- לירן יהודאי'!AN2 | K10: ='תגובות לטופס 2- לירן יהודאי'!AO2 -> 6 | L10: ='תגובות לטופס 2- לירן יהודאי'!AP2 -> לא הובא מסמך המקור, צורף רק המסמך עם העידכונים | M10: ='תגובות לטופס 2- לירן יהודאי'!AQ2 -> 7 | N10: ='תגובות לטופס 2- לירן יהודאי'!AR2 -> חסר מסמך המקור | O10: ='תגובות לטופס 2- לירן יהודאי'!AS2 -> 8 | ... S10: ='תגובות לטופס 2- לירן יהודאי'!AW2
